exchange,market_type,symbol,timestamp_ms,sum_open_interest,sum_open_interest_value
binance,usdm_futures,ETHUSDT,1778989500000,2322030.37100000,5060377567.21659000
binance,usdm_futures,ETHUSDT,1778990400000,2319680.35600000,5058629403.33180300
binance,usdm_futures,ETHUSDT,1778991300000,2318363.17800000,5058668454.39600000
binance,usdm_futures,ETHUSDT,1778992200000,2312088.05300000,5051889274.92447000
binance,usdm_futures,ETHUSDT,1778993100000,2311559.00100000,5056300252.43761350
binance,usdm_futures,ETHUSDT,1778994000000,2310437.80100000,5051474247.04426000
binance,usdm_futures,ETHUSDT,1778994900000,2301930.97200000,5042149690.29164400
binance,usdm_futures,ETHUSDT,1778995800000,2303185.76600000,5038460661.93105000
binance,usdm_futures,ETHUSDT,1778996700000,2302583.16200000,5036002659.44182000
binance,usdm_futures,ETHUSDT,1778997600000,2300842.28500000,5027110308.49650000
binance,usdm_futures,ETHUSDT,1778998500000,2300871.92200000,5029634860.28625800
binance,usdm_futures,ETHUSDT,1778999400000,2300496.98800000,5021961919.83412000
binance,usdm_futures,ETHUSDT,1779000300000,2300801.82600000,5018946095.21814000
binance,usdm_futures,ETHUSDT,1779001200000,2300559.75900000,5024514536.04636000
binance,usdm_futures,ETHUSDT,1779002100000,2300841.31500000,5022967440.49649000
binance,usdm_futures,ETHUSDT,1779003000000,2300373.67400000,5023690538.73199100
binance,usdm_futures,ETHUSDT,1779003900000,2300179.16700000,5025247284.67894200
binance,usdm_futures,ETHUSDT,1779004800000,2299569.31600000,5025977176.80076700
binance,usdm_futures,ETHUSDT,1779005700000,2300882.41400000,5026139580.43816000
binance,usdm_futures,ETHUSDT,1779006600000,2300571.43100000,5023274713.87419000
binance,usdm_futures,ETHUSDT,1779007500000,2300500.28200000,5026593116.17000000
binance,usdm_futures,ETHUSDT,1779008400000,2300862.60700000,5027752934.31212000
binance,usdm_futures,ETHUSDT,1779009300000,2300640.40600000,5032958854.77156100
binance,usdm_futures,ETHUSDT,1779010200000,2300584.44800000,5033655766.37952000
binance,usdm_futures,ETHUSDT,1779011100000,2300545.75400000,5030994493.04998000
binance,usdm_futures,ETHUSDT,1779012000000,2300182.71500000,5035283977.75220000
binance,usdm_futures,ETHUSDT,1779012900000,2300259.21500000,5045480572.54960000
binance,usdm_futures,ETHUSDT,1779013800000,2300693.36400000,5049141259.18248900
binance,usdm_futures,ETHUSDT,1779014700000,2299784.67800000,5044922658.89470000
binance,usdm_futures,ETHUSDT,1779015600000,2296239.69300000,5036250669.06918000
binance,usdm_futures,ETHUSDT,1779016500000,2296838.04100000,5028857985.62827000
binance,usdm_futures,ETHUSDT,1779017400000,2296070.70500000,5023320527.69195000
binance,usdm_futures,ETHUSDT,1779018300000,2295929.96200000,5031966738.41578000
binance,usdm_futures,ETHUSDT,1779019200000,2296572.27700000,5032088413.30301000
binance,usdm_futures,ETHUSDT,1779020100000,2297459.44600000,5035158071.04252000
binance,usdm_futures,ETHUSDT,1779021000000,2298528.83400000,5040696718.25034000
binance,usdm_futures,ETHUSDT,1779021900000,2298824.78700000,5048403138.23496000
binance,usdm_futures,ETHUSDT,1779022800000,2297579.24500000,5039438242.36955900
binance,usdm_futures,ETHUSDT,1779023700000,2296795.20200000,5029798410.90692900
binance,usdm_futures,ETHUSDT,1779024600000,2296334.23400000,5031819426.91016000
binance,usdm_futures,ETHUSDT,1779025500000,2297348.86900000,5037396865.05630000
binance,usdm_futures,ETHUSDT,1779026400000,2296910.80100000,5032761256.07110000
binance,usdm_futures,ETHUSDT,1779027300000,2299225.90600000,5027680001.98872100
binance,usdm_futures,ETHUSDT,1779028200000,2293017.93500000,5014272259.70930500
binance,usdm_futures,ETHUSDT,1779029100000,2294095.24400000,5011290473.85092000
binance,usdm_futures,ETHUSDT,1779030000000,2294807.97100000,5015660153.68340200
binance,usdm_futures,ETHUSDT,1779030900000,2295221.42900000,5017248458.07678200
binance,usdm_futures,ETHUSDT,1779031800000,2294419.21300000,5006858662.41647000
binance,usdm_futures,ETHUSDT,1779032700000,2294456.25600000,5013134529.17184000
binance,usdm_futures,ETHUSDT,1779033600000,2294435.85300000,5014466612.37297000
binance,usdm_futures,ETHUSDT,1779034500000,2293885.90600000,5010856128.50264000
binance,usdm_futures,ETHUSDT,1779035400000,2293843.57800000,5014273246.20066000
binance,usdm_futures,ETHUSDT,1779036300000,2294494.27000000,5016613437.09990000
binance,usdm_futures,ETHUSDT,1779037200000,2294795.77100000,5006249676.20536300
binance,usdm_futures,ETHUSDT,1779038100000,2295181.12100000,4999042192.40526000
binance,usdm_futures,ETHUSDT,1779039000000,2295834.41500000,5002508398.56425000
binance,usdm_futures,ETHUSDT,1779039900000,2293763.91600000,5003659974.51088400
binance,usdm_futures,ETHUSDT,1779040800000,2295748.15600000,5011058222.17228500
binance,usdm_futures,ETHUSDT,1779041700000,2294495.24900000,5008305473.87727600
binance,usdm_futures,ETHUSDT,1779042600000,2296479.79300000,5012939810.54384000
binance,usdm_futures,ETHUSDT,1779043500000,2294742.65000000,5008391993.86510200
binance,usdm_futures,ETHUSDT,1779044400000,2297695.62400000,5026479005.34065500
binance,usdm_futures,ETHUSDT,1779045300000,2296561.93100000,5023775155.30112000
binance,usdm_futures,ETHUSDT,1779046200000,2295548.65500000,5022061248.99567800
binance,usdm_futures,ETHUSDT,1779047100000,2294109.39400000,5026842153.47827150
binance,usdm_futures,ETHUSDT,1779048000000,2293645.17100000,5026380403.90646650
binance,usdm_futures,ETHUSDT,1779048900000,2292624.53000000,5018440464.94350000
binance,usdm_futures,ETHUSDT,1779049800000,2291944.82300000,5014614836.58639000
binance,usdm_futures,ETHUSDT,1779050700000,2292337.85400000,5016250690.60590900
binance,usdm_futures,ETHUSDT,1779051600000,2292122.40300000,5015252162.21261500
binance,usdm_futures,ETHUSDT,1779052500000,2291105.79800000,5013489351.41552000
binance,usdm_futures,ETHUSDT,1779053400000,2290152.15500000,5018914250.72560000
binance,usdm_futures,ETHUSDT,1779054300000,2288711.47800000,5016809785.54644000
binance,usdm_futures,ETHUSDT,1779055200000,2289586.88400000,5016461966.97516000
binance,usdm_futures,ETHUSDT,1779056100000,2290375.09200000,4998690977.41329100
binance,usdm_futures,ETHUSDT,1779057000000,2296160.27900000,5007214808.98437500
binance,usdm_futures,ETHUSDT,1779057900000,2295689.36700000,5007495388.66242000
binance,usdm_futures,ETHUSDT,1779058800000,2293580.58100000,4997140390.19053800
binance,usdm_futures,ETHUSDT,1779059700000,2294933.79500000,4985781755.96862300
binance,usdm_futures,ETHUSDT,1779060600000,2296064.08100000,4982459055.77000000
binance,usdm_futures,ETHUSDT,1779061500000,2210080.64200000,4684132918.72898900
binance,usdm_futures,ETHUSDT,1779062400000,2228492.70500000,4746684901.01739400
binance,usdm_futures,ETHUSDT,1779063300000,2220769.15400000,4706628898.16305500
binance,usdm_futures,ETHUSDT,1779064200000,2220837.53800000,4691252798.52044000
binance,usdm_futures,ETHUSDT,1779065100000,2233827.24200000,4710973111.98378400
binance,usdm_futures,ETHUSDT,1779066000000,2237216.51100000,4730370590.85840000
binance,usdm_futures,ETHUSDT,1779066900000,2237318.66100000,4725955517.96629200
binance,usdm_futures,ETHUSDT,1779067800000,2244922.66900000,4737286979.48287200
binance,usdm_futures,ETHUSDT,1779068700000,2255162.85800000,4759025075.98024000
binance,usdm_futures,ETHUSDT,1779069600000,2262933.82400000,4789657843.86368000
binance,usdm_futures,ETHUSDT,1779070500000,2258768.63200000,4794657848.10559000
binance,usdm_futures,ETHUSDT,1779071400000,2253913.28700000,4776992987.21954700
binance,usdm_futures,ETHUSDT,1779072300000,2251371.34700000,4765739639.72076300
binance,usdm_futures,ETHUSDT,1779073200000,2253669.46100000,4768005714.56490000
binance,usdm_futures,ETHUSDT,1779074100000,2251719.74700000,4767093359.17623000
binance,usdm_futures,ETHUSDT,1779075000000,2255356.77600000,4779709954.67352000
binance,usdm_futures,ETHUSDT,1779075900000,2256884.24700000,4786196991.45537000
binance,usdm_futures,ETHUSDT,1779076800000,2258015.35700000,4781669119.35562100
binance,usdm_futures,ETHUSDT,1779077700000,2256962.88600000,4786946600.76440000
binance,usdm_futures,ETHUSDT,1779078600000,2261296.08400000,4782279410.28656000
binance,usdm_futures,ETHUSDT,1779079500000,2266079.30000000,4806580803.23000000
binance,usdm_futures,ETHUSDT,1779080400000,2263812.83800000,4808089448.49982000
binance,usdm_futures,ETHUSDT,1779081300000,2263106.51600000,4803783046.18740000
binance,usdm_futures,ETHUSDT,1779082200000,2262576.33600000,4803653193.19824000
binance,usdm_futures,ETHUSDT,1779083100000,2260521.10400000,4788823537.97984000
binance,usdm_futures,ETHUSDT,1779084000000,2260348.98200000,4785769089.11914000
binance,usdm_futures,ETHUSDT,1779084900000,2259450.80000000,4784460299.72096200
binance,usdm_futures,ETHUSDT,1779085800000,2261633.19500000,4777488127.01583100
binance,usdm_futures,ETHUSDT,1779086700000,2262869.99900000,4789386981.58349000
binance,usdm_futures,ETHUSDT,1779087600000,2264000.72200000,4794972409.13824000
binance,usdm_futures,ETHUSDT,1779088500000,2263661.80700000,4791176034.22392000
binance,usdm_futures,ETHUSDT,1779089400000,2262826.64300000,4795002891.40783500
binance,usdm_futures,ETHUSDT,1779090300000,2261688.24500000,4783131384.93825000
binance,usdm_futures,ETHUSDT,1779091200000,2258452.66900000,4786898259.93883500
binance,usdm_futures,ETHUSDT,1779092100000,2257544.85400000,4785995090.48000000
binance,usdm_futures,ETHUSDT,1779093000000,2257880.55600000,4786871604.00058800
binance,usdm_futures,ETHUSDT,1779093900000,2256329.34800000,4776874862.65080000
binance,usdm_futures,ETHUSDT,1779094800000,2256282.92300000,4784049940.40559900
binance,usdm_futures,ETHUSDT,1779095700000,2256265.34600000,4776761926.67006000
binance,usdm_futures,ETHUSDT,1779096600000,2256199.84400000,4775897997.17090400
binance,usdm_futures,ETHUSDT,1779097500000,2256202.66700000,4775456002.94553000
binance,usdm_futures,ETHUSDT,1779098400000,2256960.04500000,4775163215.20875000
binance,usdm_futures,ETHUSDT,1779099300000,2259023.85100000,4773156148.40195900
binance,usdm_futures,ETHUSDT,1779100200000,2264167.43800000,4788465072.95182000
binance,usdm_futures,ETHUSDT,1779101100000,2267252.48800000,4791503089.72080800
binance,usdm_futures,ETHUSDT,1779102000000,2269805.15300000,4797149351.20875200
binance,usdm_futures,ETHUSDT,1779102900000,2268687.32700000,4792213726.16417800
binance,usdm_futures,ETHUSDT,1779103800000,2269847.00800000,4797681698.21756100
binance,usdm_futures,ETHUSDT,1779104700000,2250952.29900000,4807628939.25018000
binance,usdm_futures,ETHUSDT,1779105600000,2246171.90500000,4791062211.64595000
binance,usdm_futures,ETHUSDT,1779106500000,2239837.89300000,4799950206.32007000
binance,usdm_futures,ETHUSDT,1779107400000,2236235.00400000,4794425459.36365100
binance,usdm_futures,ETHUSDT,1779108300000,2238779.67800000,4821906058.27318000
binance,usdm_futures,ETHUSDT,1779109200000,2238121.10900000,4811603646.93639850
binance,usdm_futures,ETHUSDT,1779110100000,2241757.32600000,4812891276.97574700
binance,usdm_futures,ETHUSDT,1779111000000,2239111.80600000,4795237061.49348000
binance,usdm_futures,ETHUSDT,1779111900000,2233531.00700000,4746331061.34013900
binance,usdm_futures,ETHUSDT,1779112800000,2242921.95300000,4777513389.83246500
binance,usdm_futures,ETHUSDT,1779113700000,2244554.88700000,4766514312.48433000
binance,usdm_futures,ETHUSDT,1779114600000,2242564.25000000,4745804168.42000000
binance,usdm_futures,ETHUSDT,1779115500000,2238556.48200000,4728859151.82384800
binance,usdm_futures,ETHUSDT,1779116400000,2240081.32300000,4725451550.86850000
binance,usdm_futures,ETHUSDT,1779117300000,2238348.22100000,4709298023.86746900
binance,usdm_futures,ETHUSDT,1779118200000,2244798.52700000,4706736415.51671000
binance,usdm_futures,ETHUSDT,1779119100000,2244558.21500000,4727959869.65815000
binance,usdm_futures,ETHUSDT,1779120000000,2248850.01900000,4737045145.52217000
binance,usdm_futures,ETHUSDT,1779120900000,2245953.71600000,4730460100.14744950
binance,usdm_futures,ETHUSDT,1779121800000,2242066.97400000,4691054309.03046000
binance,usdm_futures,ETHUSDT,1779122700000,2226306.30000000,4670310839.75428200
binance,usdm_futures,ETHUSDT,1779123600000,2215190.75500000,4644496387.66726600
binance,usdm_futures,ETHUSDT,1779124500000,2210533.79500000,4645503086.20635000
binance,usdm_futures,ETHUSDT,1779125400000,2211423.86300000,4658430710.12539000
binance,usdm_futures,ETHUSDT,1779126300000,2213031.78500000,4661884237.00960000
binance,usdm_futures,ETHUSDT,1779127200000,2214596.13200000,4666598291.24283100
binance,usdm_futures,ETHUSDT,1779128100000,2213282.09500000,4647604672.82765000
binance,usdm_futures,ETHUSDT,1779129000000,2194364.16900000,4581182104.60230200
binance,usdm_futures,ETHUSDT,1779129900000,2195405.11400000,4580471275.79846000
binance,usdm_futures,ETHUSDT,1779130800000,2198841.05900000,4574848464.05777550
binance,usdm_futures,ETHUSDT,1779131700000,2182217.42400000,4593015678.00666000
binance,usdm_futures,ETHUSDT,1779132600000,2184291.61800000,4598016452.58402800
binance,usdm_futures,ETHUSDT,1779133500000,2193475.19400000,4641209773.96663600
binance,usdm_futures,ETHUSDT,1779134400000,2186540.35200000,4644590301.18442400
binance,usdm_futures,ETHUSDT,1779135300000,2183991.71400000,4645010123.06946850
binance,usdm_futures,ETHUSDT,1779136200000,2183100.55100000,4645087356.75773600
binance,usdm_futures,ETHUSDT,1779137100000,2166026.26200000,4595333016.14610000
binance,usdm_futures,ETHUSDT,1779138000000,2167102.20000000,4587065328.54646100
binance,usdm_futures,ETHUSDT,1779138900000,2165909.16000000,4593741714.71880000
binance,usdm_futures,ETHUSDT,1779139800000,2168864.51500000,4619494053.94982400
binance,usdm_futures,ETHUSDT,1779140700000,2160131.37600000,4616243953.13952000
binance,usdm_futures,ETHUSDT,1779141600000,2147735.67300000,4588753359.62698000
binance,usdm_futures,ETHUSDT,1779142500000,2147605.40000000,4588419727.88421000
binance,usdm_futures,ETHUSDT,1779143400000,2156308.57200000,4611632453.67924000
binance,usdm_futures,ETHUSDT,1779144300000,2155865.15300000,4600909250.33218700
binance,usdm_futures,ETHUSDT,1779145200000,2157313.40900000,4605880339.02301500
binance,usdm_futures,ETHUSDT,1779146100000,2155339.46900000,4599817727.76635000
binance,usdm_futures,ETHUSDT,1779147000000,2156308.84800000,4596562951.08053100
binance,usdm_futures,ETHUSDT,1779147900000,2156023.26600000,4600177481.26824000
binance,usdm_futures,ETHUSDT,1779148800000,2156233.24200000,4590779557.67738300
binance,usdm_futures,ETHUSDT,1779149700000,2159004.71300000,4602609427.26766000
binance,usdm_futures,ETHUSDT,1779150600000,2160829.05300000,4621425783.11847800
binance,usdm_futures,ETHUSDT,1779151500000,2161726.06300000,4618903873.93446200
binance,usdm_futures,ETHUSDT,1779152400000,2163106.35200000,4618037381.94832000
binance,usdm_futures,ETHUSDT,1779153300000,2165255.19900000,4622265477.38949200
binance,usdm_futures,ETHUSDT,1779154200000,2165135.54000000,4600538034.44831300
binance,usdm_futures,ETHUSDT,1779155100000,2169831.37300000,4622358974.12331300
binance,usdm_futures,ETHUSDT,1779156000000,2170032.27400000,4609203608.23015900
binance,usdm_futures,ETHUSDT,1779156900000,2170670.22200000,4611446884.43201500
binance,usdm_futures,ETHUSDT,1779157800000,2170317.76700000,4623829447.82699500
binance,usdm_futures,ETHUSDT,1779158700000,2171509.06600000,4615542519.78300000
binance,usdm_futures,ETHUSDT,1779159600000,2172262.62100000,4610562245.19387000
binance,usdm_futures,ETHUSDT,1779160500000,2174695.75900000,4627926550.81272000
binance,usdm_futures,ETHUSDT,1779161400000,2171187.35500000,4619092538.39475000
binance,usdm_futures,ETHUSDT,1779162300000,2166248.49700000,4618137395.70827600
binance,usdm_futures,ETHUSDT,1779163200000,2169957.42800000,4623011637.71364300
binance,usdm_futures,ETHUSDT,1779164100000,2184755.35300000,4663731709.38851000
binance,usdm_futures,ETHUSDT,1779165000000,2183473.82500000,4648419260.78075000
binance,usdm_futures,ETHUSDT,1779165900000,2183097.56400000,4655341526.45550250
binance,usdm_futures,ETHUSDT,1779166800000,2183100.66700000,4656488229.69099000
binance,usdm_futures,ETHUSDT,1779167700000,2173344.04700000,4629396687.63376000
binance,usdm_futures,ETHUSDT,1779168600000,2171385.98100000,4623076178.28729000
binance,usdm_futures,ETHUSDT,1779169500000,2169737.24500000,4625793016.85020000
binance,usdm_futures,ETHUSDT,1779170400000,2167139.34600000,4625260491.98742000
binance,usdm_futures,ETHUSDT,1779171300000,2166727.92100000,4626635796.99051000
binance,usdm_futures,ETHUSDT,1779172200000,2166068.33200000,4622779712.78776000
binance,usdm_futures,ETHUSDT,1779173100000,2166290.21100000,4633481356.54926100
binance,usdm_futures,ETHUSDT,1779174000000,2166634.02100000,4628999830.25376200
binance,usdm_futures,ETHUSDT,1779174900000,2164658.68600000,4627957633.48057400
binance,usdm_futures,ETHUSDT,1779175800000,2165243.66500000,4628013462.00765000
binance,usdm_futures,ETHUSDT,1779176700000,2164427.90500000,4634396956.41073900
binance,usdm_futures,ETHUSDT,1779177600000,2162954.79300000,4628944982.77034400
binance,usdm_futures,ETHUSDT,1779178500000,2165127.04000000,4620792477.49760000
binance,usdm_futures,ETHUSDT,1779179400000,2163701.56800000,4616363441.63696100
binance,usdm_futures,ETHUSDT,1779180300000,2170540.15300000,4637554759.72109800
binance,usdm_futures,ETHUSDT,1779181200000,2170354.61500000,4628476548.40285000
binance,usdm_futures,ETHUSDT,1779182100000,2169909.78400000,4623836990.64048000
binance,usdm_futures,ETHUSDT,1779183000000,2159518.22300000,4568180733.01092100
binance,usdm_futures,ETHUSDT,1779183900000,2159468.06400000,4567059008.55360000
binance,usdm_futures,ETHUSDT,1779184800000,2178429.15500000,4603826823.30235000
binance,usdm_futures,ETHUSDT,1779185700000,2190668.70100000,4632037528.14244000
binance,usdm_futures,ETHUSDT,1779186600000,2188809.90800000,4630077150.78872000
binance,usdm_futures,ETHUSDT,1779187500000,2188403.65000000,4614796196.93750000
binance,usdm_futures,ETHUSDT,1779188400000,2184969.34200000,4627218824.02050000
binance,usdm_futures,ETHUSDT,1779189300000,2184532.62700000,4625507539.08353000
binance,usdm_futures,ETHUSDT,1779190200000,2186346.47200000,4621509324.61667200
binance,usdm_futures,ETHUSDT,1779191100000,2188548.06500000,4614532540.86994700
binance,usdm_futures,ETHUSDT,1779192000000,2189307.96400000,4618848690.88972000
binance,usdm_futures,ETHUSDT,1779192900000,2191440.51900000,4630623405.65661400
binance,usdm_futures,ETHUSDT,1779193800000,2187479.42700000,4629340836.56583000
binance,usdm_futures,ETHUSDT,1779194700000,2183427.25200000,4621616795.76336000
binance,usdm_futures,ETHUSDT,1779195600000,2183557.65800000,4623464985.04920000
binance,usdm_futures,ETHUSDT,1779196500000,2182058.10400000,4612367013.25274200
binance,usdm_futures,ETHUSDT,1779197400000,2181306.94900000,4596799012.04464000
binance,usdm_futures,ETHUSDT,1779198300000,2193125.39100000,4632538950.41710200
binance,usdm_futures,ETHUSDT,1779199200000,2200512.27700000,4660775114.27988600
binance,usdm_futures,ETHUSDT,1779200100000,2211517.88200000,4665052400.53298100
binance,usdm_futures,ETHUSDT,1779201000000,2225725.81100000,4688224333.77418000
binance,usdm_futures,ETHUSDT,1779201900000,2229119.05300000,4693699951.56839000
binance,usdm_futures,ETHUSDT,1779202800000,2226701.92100000,4688597385.44545000
binance,usdm_futures,ETHUSDT,1779203700000,2228000.94400000,4699544671.18864000
binance,usdm_futures,ETHUSDT,1779204600000,2228473.45900000,4692431919.61531900
binance,usdm_futures,ETHUSDT,1779205500000,2226678.80500000,4696288267.62550000
binance,usdm_futures,ETHUSDT,1779206400000,2228086.46200000,4699814178.61970000
binance,usdm_futures,ETHUSDT,1779207300000,2234821.04500000,4709863004.12705000
binance,usdm_futures,ETHUSDT,1779208200000,2233059.31900000,4715097654.75839700
binance,usdm_futures,ETHUSDT,1779209100000,2227387.00800000,4715356022.06592000
binance,usdm_futures,ETHUSDT,1779210000000,2227460.30000000,4722998900.53717400
binance,usdm_futures,ETHUSDT,1779210900000,2227562.79300000,4726682672.05948400
binance,usdm_futures,ETHUSDT,1779211800000,2212572.40000000,4687986131.72014400
binance,usdm_futures,ETHUSDT,1779212700000,2216783.09800000,4690920896.97861000
binance,usdm_futures,ETHUSDT,1779213600000,2216898.51700000,4689050729.24738000
binance,usdm_futures,ETHUSDT,1779214500000,2216594.29800000,4692467390.53615100
binance,usdm_futures,ETHUSDT,1779215400000,2212375.15200000,4672093845.99360000
binance,usdm_futures,ETHUSDT,1779216300000,2208845.31000000,4671049765.97730800
binance,usdm_futures,ETHUSDT,1779217200000,2206663.46800000,4665637623.80524600
binance,usdm_futures,ETHUSDT,1779218100000,2205372.64000000,4679098288.15403800
binance,usdm_futures,ETHUSDT,1779219000000,2204404.19500000,4654577413.70055000
binance,usdm_futures,ETHUSDT,1779219900000,2205985.78900000,4661553629.44479000
binance,usdm_futures,ETHUSDT,1779220800000,2209028.90500000,4666271935.17397500
binance,usdm_futures,ETHUSDT,1779221700000,2209273.04900000,4671353212.99707000
binance,usdm_futures,ETHUSDT,1779222600000,2208970.77000000,4671288397.61130000
binance,usdm_futures,ETHUSDT,1779223500000,2209229.11300000,4673425357.93133000
binance,usdm_futures,ETHUSDT,1779224400000,2209174.40600000,4677953400.42547200
binance,usdm_futures,ETHUSDT,1779225300000,2208768.37000000,4679517095.50441200
binance,usdm_futures,ETHUSDT,1779226200000,2208663.75400000,4677066365.47040000
binance,usdm_futures,ETHUSDT,1779227100000,2208197.64000000,4675319360.11687800
binance,usdm_futures,ETHUSDT,1779228000000,2208148.45400000,4672442128.66400000
binance,usdm_futures,ETHUSDT,1779228900000,2210807.97100000,4661573097.41226800
binance,usdm_futures,ETHUSDT,1779229800000,2207407.76800000,4643087970.99700500
binance,usdm_futures,ETHUSDT,1779230700000,2205893.35100000,4647045227.88415000
binance,usdm_futures,ETHUSDT,1779231600000,2207430.60300000,4647247468.39371000
binance,usdm_futures,ETHUSDT,1779232500000,2207121.36100000,4657776492.97274000
binance,usdm_futures,ETHUSDT,1779233400000,2206576.51400000,4666666603.69346000
binance,usdm_futures,ETHUSDT,1779234300000,2207375.22800000,4667539067.11056000
binance,usdm_futures,ETHUSDT,1779235200000,2205366.33700000,4655528337.40700000
binance,usdm_futures,ETHUSDT,1779236100000,2207404.37500000,4644530853.92712400
binance,usdm_futures,ETHUSDT,1779237000000,2209255.36700000,4657353331.72637000
binance,usdm_futures,ETHUSDT,1779237900000,2209152.93400000,4660075565.09696000
binance,usdm_futures,ETHUSDT,1779238800000,2210535.46900000,4665047737.71353000
binance,usdm_futures,ETHUSDT,1779239700000,2211338.49900000,4676477785.88286400
binance,usdm_futures,ETHUSDT,1779240600000,2212164.51300000,4651274983.38867000
binance,usdm_futures,ETHUSDT,1779241500000,2212252.86000000,4659646076.48940000
binance,usdm_futures,ETHUSDT,1779242400000,2214300.27100000,4682226666.69289700
binance,usdm_futures,ETHUSDT,1779243300000,2214855.83900000,4679281633.93852000
binance,usdm_futures,ETHUSDT,1779244200000,2216034.86000000,4678736560.26660000
binance,usdm_futures,ETHUSDT,1779245100000,2216211.09300000,4668068934.65962600
binance,usdm_futures,ETHUSDT,1779246000000,2217445.03400000,4675083714.08288000
binance,usdm_futures,ETHUSDT,1779246900000,2219042.55900000,4674746006.91735000
binance,usdm_futures,ETHUSDT,1779247800000,2220071.89300000,4694231771.39817200
binance,usdm_futures,ETHUSDT,1779248700000,2220642.83900000,4688851864.27906000
binance,usdm_futures,ETHUSDT,1779249600000,2220922.82000000,4687501913.12020000
binance,usdm_futures,ETHUSDT,1779250500000,2222538.59600000,4697624252.66348000
binance,usdm_futures,ETHUSDT,1779251400000,2222139.96800000,4694830321.35120000
binance,usdm_futures,ETHUSDT,1779252300000,2222834.05200000,4689468542.82336000
binance,usdm_futures,ETHUSDT,1779253200000,2223503.60500000,4696909227.75424900
binance,usdm_futures,ETHUSDT,1779254100000,2220420.35300000,4714862781.76373000
binance,usdm_futures,ETHUSDT,1779255000000,2222068.72100000,4717785204.99115000
binance,usdm_futures,ETHUSDT,1779255900000,2220642.54600000,4719121567.69651200
binance,usdm_futures,ETHUSDT,1779256800000,2220173.24600000,4717118365.98294300
binance,usdm_futures,ETHUSDT,1779257700000,2220776.01600000,4721480848.81680000
binance,usdm_futures,ETHUSDT,1779258600000,2213617.97300000,4710963855.71643300
binance,usdm_futures,ETHUSDT,1779259500000,2213975.66900000,4716764464.02105000
binance,usdm_futures,ETHUSDT,1779260400000,2209914.28900000,4713725079.29411000
binance,usdm_futures,ETHUSDT,1779261300000,2210336.48000000,4709077663.91040000
binance,usdm_futures,ETHUSDT,1779262200000,2208642.72400000,4712892347.44985400
binance,usdm_futures,ETHUSDT,1779263100000,2207993.70700000,4707223615.39576100
binance,usdm_futures,ETHUSDT,1779264000000,2208820.27600000,4702114515.34604000
binance,usdm_futures,ETHUSDT,1779264900000,2210255.09100000,4706075139.75720000
binance,usdm_futures,ETHUSDT,1779265800000,2211153.54300000,4711658638.63698000
binance,usdm_futures,ETHUSDT,1779266700000,2222610.97100000,4747524739.16846700
binance,usdm_futures,ETHUSDT,1779267600000,2223270.39200000,4737747118.33212800
binance,usdm_futures,ETHUSDT,1779268500000,2223064.31800000,4731823920.11358900
binance,usdm_futures,ETHUSDT,1779269400000,2225110.73200000,4740998882.70168400
binance,usdm_futures,ETHUSDT,1779270300000,2226304.64500000,4742117946.03580000
binance,usdm_futures,ETHUSDT,1779271200000,2226762.40700000,4739797183.69189100
binance,usdm_futures,ETHUSDT,1779272100000,2226565.03800000,4746206480.20759000
binance,usdm_futures,ETHUSDT,1779273000000,2228114.95700000,4751633394.99906000
binance,usdm_futures,ETHUSDT,1779273900000,2234103.97300000,4762350075.08518000
binance,usdm_futures,ETHUSDT,1779274800000,2234596.63900000,4759154537.87664000
binance,usdm_futures,ETHUSDT,1779275700000,2234726.74500000,4756638223.99995000
binance,usdm_futures,ETHUSDT,1779276600000,2236749.16900000,4758102735.74554900
binance,usdm_futures,ETHUSDT,1779277500000,2235377.32100000,4751719217.47649000
binance,usdm_futures,ETHUSDT,1779278400000,2237761.61600000,4760909365.76278300
binance,usdm_futures,ETHUSDT,1779279300000,2241111.12900000,4773473618.13502400
binance,usdm_futures,ETHUSDT,1779280200000,2238037.78200000,4767781408.50588000
binance,usdm_futures,ETHUSDT,1779281100000,2238998.40100000,4771474958.00503600
binance,usdm_futures,ETHUSDT,1779282000000,2232415.01600000,4762165387.98104000
binance,usdm_futures,ETHUSDT,1779282900000,2233642.27300000,4757881405.71730000
binance,usdm_futures,ETHUSDT,1779283800000,2232072.77200000,4745096543.81164000
binance,usdm_futures,ETHUSDT,1779284700000,2213075.36400000,4693047616.89840000
binance,usdm_futures,ETHUSDT,1779285600000,2217850.81600000,4701267088.70784000
binance,usdm_futures,ETHUSDT,1779286500000,2218525.59800000,4707952398.74504500
binance,usdm_futures,ETHUSDT,1779287400000,2219859.91300000,4728567997.87956000
binance,usdm_futures,ETHUSDT,1779288300000,2221710.48700000,4738064959.34869700
binance,usdm_futures,ETHUSDT,1779289200000,2233101.49400000,4766365602.28758800
binance,usdm_futures,ETHUSDT,1779290100000,2230747.31400000,4748034120.48330000
binance,usdm_futures,ETHUSDT,1779291000000,2227557.19400000,4762611045.38151800
binance,usdm_futures,ETHUSDT,1779291900000,2222238.18800000,4743745192.77796000
binance,usdm_futures,ETHUSDT,1779292800000,2223241.30000000,4748730565.76081700
binance,usdm_futures,ETHUSDT,1779293700000,2222713.46100000,4749960893.29161000
binance,usdm_futures,ETHUSDT,1779294600000,2218003.60000000,4715320393.34800000
binance,usdm_futures,ETHUSDT,1779295500000,2218715.87600000,4737246828.32388000
binance,usdm_futures,ETHUSDT,1779296400000,2220903.45300000,4740471178.88046200
binance,usdm_futures,ETHUSDT,1779297300000,2221636.18700000,4749664317.14097800
binance,usdm_futures,ETHUSDT,1779298200000,2219466.77000000,4759158205.57560000
binance,usdm_futures,ETHUSDT,1779299100000,2220538.52300000,4759733068.48679300
binance,usdm_futures,ETHUSDT,1779300000000,2222138.52300000,4754398698.26988000
binance,usdm_futures,ETHUSDT,1779300900000,2218241.67400000,4740220422.52537700
binance,usdm_futures,ETHUSDT,1779301800000,2214365.03300000,4726920169.12087800
binance,usdm_futures,ETHUSDT,1779302700000,2212920.75200000,4722468280.52862550
binance,usdm_futures,ETHUSDT,1779303600000,2212398.75300000,4714931478.46842000
binance,usdm_futures,ETHUSDT,1779304500000,2210493.40000000,4710393696.79458700
binance,usdm_futures,ETHUSDT,1779305400000,2209817.69200000,4721660384.09871700
binance,usdm_futures,ETHUSDT,1779306300000,2211777.72800000,4731682228.67227400
binance,usdm_futures,ETHUSDT,1779307200000,2213040.24000000,4731856249.96080000
binance,usdm_futures,ETHUSDT,1779308100000,2214113.74800000,4736817334.01346600
binance,usdm_futures,ETHUSDT,1779309000000,2210282.56800000,4720522583.30328000
binance,usdm_futures,ETHUSDT,1779309900000,2210186.31300000,4717474687.88646900
binance,usdm_futures,ETHUSDT,1779310800000,2210664.80800000,4720344137.93008000
binance,usdm_futures,ETHUSDT,1779311700000,2211255.54600000,4724843446.64085000
binance,usdm_futures,ETHUSDT,1779312600000,2210094.03900000,4711986793.96917000
binance,usdm_futures,ETHUSDT,1779313500000,2208541.22700000,4707770650.29774000
binance,usdm_futures,ETHUSDT,1779314400000,2208320.17000000,4702816550.83030000
binance,usdm_futures,ETHUSDT,1779315300000,2205788.59100000,4679345297.17914000
binance,usdm_futures,ETHUSDT,1779316200000,2205202.05600000,4687156970.02800000
binance,usdm_futures,ETHUSDT,1779317100000,2204343.25800000,4684229423.25000000
binance,usdm_futures,ETHUSDT,1779318000000,2204268.46600000,4689294606.51442000
binance,usdm_futures,ETHUSDT,1779318900000,2204837.53400000,4683517160.98802600
binance,usdm_futures,ETHUSDT,1779319800000,2205680.95700000,4686034012.35299900
binance,usdm_futures,ETHUSDT,1779320700000,2206686.60400000,4692279133.28437300
binance,usdm_futures,ETHUSDT,1779321600000,2205998.53100000,4695666413.10129000
binance,usdm_futures,ETHUSDT,1779322500000,2205135.58300000,4700687522.28110000
binance,usdm_futures,ETHUSDT,1779323400000,2207221.39700000,4710563616.62152000
binance,usdm_futures,ETHUSDT,1779324300000,2207755.96900000,4715766749.78400000
binance,usdm_futures,ETHUSDT,1779325200000,2212267.03900000,4738749794.01004700
binance,usdm_futures,ETHUSDT,1779326100000,2212476.66300000,4750917512.75979000
binance,usdm_futures,ETHUSDT,1779327000000,2210380.85400000,4735326987.36341400
binance,usdm_futures,ETHUSDT,1779327900000,2209499.59100000,4730962368.68058600
binance,usdm_futures,ETHUSDT,1779328800000,2210299.18000000,4730283378.10980000
binance,usdm_futures,ETHUSDT,1779329700000,2212637.49200000,4736176200.12153200
binance,usdm_futures,ETHUSDT,1779330600000,2203588.54000000,4724947324.86597000
binance,usdm_futures,ETHUSDT,1779331500000,2203093.57500000,4722815758.59900000
binance,usdm_futures,ETHUSDT,1779332400000,2203122.25900000,4715981476.39281000
binance,usdm_futures,ETHUSDT,1779333300000,2203328.68800000,4717701286.88496000
binance,usdm_futures,ETHUSDT,1779334200000,2203881.92000000,4726400062.92404200
binance,usdm_futures,ETHUSDT,1779335100000,2204761.99900000,4729201002.91328050
binance,usdm_futures,ETHUSDT,1779336000000,2204615.74400000,4728393709.25888000
binance,usdm_futures,ETHUSDT,1779336900000,2204187.19200000,4725394823.81243900
binance,usdm_futures,ETHUSDT,1779337800000,2203963.87900000,4726003825.01728000
binance,usdm_futures,ETHUSDT,1779338700000,2203749.65200000,4721741892.30266300
binance,usdm_futures,ETHUSDT,1779339600000,2202547.19600000,4722127874.36353700
binance,usdm_futures,ETHUSDT,1779340500000,2205399.64800000,4722223780.29408000
binance,usdm_futures,ETHUSDT,1779341400000,2205295.77100000,4720836158.17836100
binance,usdm_futures,ETHUSDT,1779342300000,2205101.50500000,4717089909.48930300
binance,usdm_futures,ETHUSDT,1779343200000,2197344.55800000,4692055755.03414000
binance,usdm_futures,ETHUSDT,1779344100000,2195510.43200000,4685311558.42412900
binance,usdm_futures,ETHUSDT,1779345000000,2197977.60400000,4691143600.21720000
binance,usdm_futures,ETHUSDT,1779345900000,2198270.78400000,4683745645.92960000
binance,usdm_futures,ETHUSDT,1779346800000,2195737.66800000,4671695377.19016000
binance,usdm_futures,ETHUSDT,1779347700000,2199423.18400000,4680891411.87860900
binance,usdm_futures,ETHUSDT,1779348600000,2200699.92100000,4682810608.33564000
binance,usdm_futures,ETHUSDT,1779349500000,2202842.45200000,4694109774.00576900
binance,usdm_futures,ETHUSDT,1779350400000,2201525.81000000,4698309015.07655400
binance,usdm_futures,ETHUSDT,1779351300000,2194913.13300000,4708769093.35623000
binance,usdm_futures,ETHUSDT,1779352200000,2194283.21400000,4697433733.20264000
binance,usdm_futures,ETHUSDT,1779353100000,2194673.72400000,4689108966.12643500
binance,usdm_futures,ETHUSDT,1779354000000,2194486.19500000,4690236371.17896700
binance,usdm_futures,ETHUSDT,1779354900000,2193330.40600000,4687870876.65598000
binance,usdm_futures,ETHUSDT,1779355800000,2194981.95900000,4690347199.08915000
binance,usdm_futures,ETHUSDT,1779356700000,2196877.16800000,4675147393.73743300
binance,usdm_futures,ETHUSDT,1779357600000,2206656.62300000,4693840928.12694400
binance,usdm_futures,ETHUSDT,1779358500000,2208395.42600000,4698515856.49482000
binance,usdm_futures,ETHUSDT,1779359400000,2202558.79400000,4660328075.46078000
binance,usdm_futures,ETHUSDT,1779360300000,2211935.60200000,4679211065.65794500
binance,usdm_futures,ETHUSDT,1779361200000,2216870.03300000,4684822765.93758000
binance,usdm_futures,ETHUSDT,1779362100000,2221604.64800000,4703032616.11095900
binance,usdm_futures,ETHUSDT,1779363000000,2225167.89100000,4710969697.07283000
binance,usdm_futures,ETHUSDT,1779363900000,2228241.43100000,4713621923.13740000
binance,usdm_futures,ETHUSDT,1779364800000,2229145.63900000,4712866224.60734750
binance,usdm_futures,ETHUSDT,1779365700000,2231943.81700000,4714914355.09799000
binance,usdm_futures,ETHUSDT,1779366600000,2233535.57700000,4717848955.28600200
binance,usdm_futures,ETHUSDT,1779367500000,2236813.71600000,4734216229.91400000
binance,usdm_futures,ETHUSDT,1779368400000,2238475.92900000,4736726989.56045000
binance,usdm_futures,ETHUSDT,1779369300000,2240050.00400000,4741162416.08918700
binance,usdm_futures,ETHUSDT,1779370200000,2240750.50900000,4745797540.53655000
binance,usdm_futures,ETHUSDT,1779371100000,2243244.29200000,4723621938.10732000
binance,usdm_futures,ETHUSDT,1779372000000,2246751.84900000,4762776907.10265000
binance,usdm_futures,ETHUSDT,1779372900000,2245412.56100000,4760162358.69195000
binance,usdm_futures,ETHUSDT,1779373800000,2242828.88900000,4753030191.07545900
binance,usdm_futures,ETHUSDT,1779374700000,2240874.80500000,4746576194.45490000
binance,usdm_futures,ETHUSDT,1779375600000,2240375.34900000,4751768903.96853000
binance,usdm_futures,ETHUSDT,1779376500000,2235716.08400000,4760739011.27941100
binance,usdm_futures,ETHUSDT,1779377400000,2226238.76200000,4752671359.14155300
binance,usdm_futures,ETHUSDT,1779378300000,2236465.26800000,4764630898.47078600
binance,usdm_futures,ETHUSDT,1779379200000,2234673.20600000,4763227290.89148300
binance,usdm_futures,ETHUSDT,1779380100000,2235450.55900000,4766874772.01160000
binance,usdm_futures,ETHUSDT,1779381000000,2234233.95300000,4758763551.55488700
binance,usdm_futures,ETHUSDT,1779381900000,2230156.41000000,4734730091.35459100
binance,usdm_futures,ETHUSDT,1779382800000,2228410.58600000,4739626510.98069500
binance,usdm_futures,ETHUSDT,1779383700000,2225805.87800000,4752562968.76438000
binance,usdm_futures,ETHUSDT,1779384600000,2230721.61200000,4788857710.60596500
binance,usdm_futures,ETHUSDT,1779385500000,2230399.81600000,4786817173.10472000
binance,usdm_futures,ETHUSDT,1779386400000,2231643.20100000,4788347550.65766000
binance,usdm_futures,ETHUSDT,1779387300000,2227145.31600000,4764242445.62772000
binance,usdm_futures,ETHUSDT,1779388200000,2225903.24600000,4760568295.23840800
binance,usdm_futures,ETHUSDT,1779389100000,2221607.27500000,4750680605.32003500
binance,usdm_futures,ETHUSDT,1779390000000,2203011.21500000,4683359511.85635000
binance,usdm_futures,ETHUSDT,1779390900000,2201056.39000000,4692498149.53270000
binance,usdm_futures,ETHUSDT,1779391800000,2201982.69800000,4695684063.83104000
binance,usdm_futures,ETHUSDT,1779392700000,2202250.73800000,4704747631.82736400
binance,usdm_futures,ETHUSDT,1779393600000,2201601.78100000,4715280614.45675000
binance,usdm_futures,ETHUSDT,1779394500000,2200897.40100000,4709645155.35130900
binance,usdm_futures,ETHUSDT,1779395400000,2200689.69500000,4703181974.77230000
binance,usdm_futures,ETHUSDT,1779396300000,2199662.16400000,4701293949.87392000
binance,usdm_futures,ETHUSDT,1779397200000,2198012.67300000,4698801591.70575000
binance,usdm_futures,ETHUSDT,1779398100000,2197216.96900000,4696551271.23750000
binance,usdm_futures,ETHUSDT,1779399000000,2195848.41200000,4695075240.60192000
binance,usdm_futures,ETHUSDT,1779399900000,2194751.40200000,4687813414.55984000
binance,usdm_futures,ETHUSDT,1779400800000,2195488.33300000,4686028343.07187000
binance,usdm_futures,ETHUSDT,1779401700000,2197010.67700000,4688154299.25264700
binance,usdm_futures,ETHUSDT,1779402600000,2197858.71200000,4690186534.23376000
binance,usdm_futures,ETHUSDT,1779403500000,2198059.64100000,4686460979.97969000
binance,usdm_futures,ETHUSDT,1779404400000,2198718.22100000,4685522882.84850000
binance,usdm_futures,ETHUSDT,1779405300000,2198721.74900000,4679661843.69591900
binance,usdm_futures,ETHUSDT,1779406200000,2195667.45600000,4681250842.89024000
binance,usdm_futures,ETHUSDT,1779407100000,2195400.28400000,4686362347.53039300
binance,usdm_futures,ETHUSDT,1779408000000,2196166.74700000,4684204054.67630000
binance,usdm_futures,ETHUSDT,1779408900000,2195999.34400000,4676424523.03488000
binance,usdm_futures,ETHUSDT,1779409800000,2195339.17800000,4677558515.76540600
binance,usdm_futures,ETHUSDT,1779410700000,2196538.49000000,4679906424.80150900
binance,usdm_futures,ETHUSDT,1779411600000,2196729.76800000,4675085945.84920000
binance,usdm_futures,ETHUSDT,1779412500000,2196991.39500000,4685342526.24156200
binance,usdm_futures,ETHUSDT,1779413400000,2200447.60200000,4684421274.09554100
binance,usdm_futures,ETHUSDT,1779414300000,2198357.04200000,4684487388.18437300
binance,usdm_futures,ETHUSDT,1779415200000,2199904.70300000,4696972533.28124000
binance,usdm_futures,ETHUSDT,1779416100000,2198238.37500000,4697877213.59625000
binance,usdm_futures,ETHUSDT,1779417000000,2198793.45400000,4696644805.67854000
binance,usdm_futures,ETHUSDT,1779417900000,2206509.07500000,4712640017.29425000
binance,usdm_futures,ETHUSDT,1779418800000,2208538.64900000,4720144630.90969850
binance,usdm_futures,ETHUSDT,1779419700000,2208164.30200000,4716285642.78368000
binance,usdm_futures,ETHUSDT,1779420600000,2208135.80600000,4718631647.91558000
binance,usdm_futures,ETHUSDT,1779421500000,2208019.10400000,4717410735.50496000
binance,usdm_futures,ETHUSDT,1779422400000,2208233.53300000,4718707989.66171000
binance,usdm_futures,ETHUSDT,1779423300000,2209232.71300000,4726627323.94179700
binance,usdm_futures,ETHUSDT,1779424200000,2210207.82300000,4722086911.76127000
binance,usdm_futures,ETHUSDT,1779425100000,2210455.73700000,4716100031.72593800
binance,usdm_futures,ETHUSDT,1779426000000,2209771.16900000,4713393694.53463650
binance,usdm_futures,ETHUSDT,1779426900000,2206589.51400000,4707913189.38498000
binance,usdm_futures,ETHUSDT,1779427800000,2206760.89000000,4703096142.92845300
binance,usdm_futures,ETHUSDT,1779428700000,2200615.45600000,4688192327.47282500
binance,usdm_futures,ETHUSDT,1779429600000,2200871.04400000,4684179869.07652000
binance,usdm_futures,ETHUSDT,1779430500000,2202701.17200000,4690035389.44584000
binance,usdm_futures,ETHUSDT,1779431400000,2202050.09700000,4684267027.84131000
binance,usdm_futures,ETHUSDT,1779432300000,2205254.22400000,4688943846.32224000
binance,usdm_futures,ETHUSDT,1779433200000,2206434.18200000,4688221840.00576100
binance,usdm_futures,ETHUSDT,1779434100000,2210343.14200000,4700471518.91436000
binance,usdm_futures,ETHUSDT,1779435000000,2208705.85300000,4704938626.25537700
binance,usdm_futures,ETHUSDT,1779435900000,2208876.96000000,4703980196.47680000
binance,usdm_futures,ETHUSDT,1779436800000,2208676.98600000,4698973320.89702700
binance,usdm_futures,ETHUSDT,1779437700000,2209888.86200000,4700856212.17839500
binance,usdm_futures,ETHUSDT,1779438600000,2209659.87600000,4708821147.51879000
binance,usdm_futures,ETHUSDT,1779439500000,2212762.38800000,4698491144.18368000
binance,usdm_futures,ETHUSDT,1779440400000,2215909.42100000,4701029677.55729000
binance,usdm_futures,ETHUSDT,1779441300000,2216248.14700000,4697874382.69577500
binance,usdm_futures,ETHUSDT,1779442200000,2217548.11000000,4704306560.55400000
binance,usdm_futures,ETHUSDT,1779443100000,2219765.54300000,4711274783.77406000
binance,usdm_futures,ETHUSDT,1779444000000,2222361.77600000,4718496299.18544000
binance,usdm_futures,ETHUSDT,1779444900000,2222587.82000000,4717836726.79501500
binance,usdm_futures,ETHUSDT,1779445800000,2224386.77500000,4723365520.44975950
binance,usdm_futures,ETHUSDT,1779446700000,2225823.63500000,4726491972.44980000
binance,usdm_futures,ETHUSDT,1779447600000,2227073.96400000,4726138589.43490300
binance,usdm_futures,ETHUSDT,1779448500000,2227603.34900000,4727063410.71196000
binance,usdm_futures,ETHUSDT,1779449400000,2228448.58700000,4732182266.29282900
binance,usdm_futures,ETHUSDT,1779450300000,2229296.75400000,4738355924.36351200
binance,usdm_futures,ETHUSDT,1779451200000,2228475.33000000,4746075558.86712400
binance,usdm_futures,ETHUSDT,1779452100000,2226067.90600000,4751809073.50572000
binance,usdm_futures,ETHUSDT,1779453000000,2225512.38800000,4742037916.96653700
binance,usdm_futures,ETHUSDT,1779453900000,2223001.08900000,4738260131.17083000
