exchange,symbol,market_type,timestamp_ms,received_at_ms,source,metadata,open_interest,open_interest_value,mark_price
binance,SOLUSDT,usdm_futures,1779129000000,1779129000000,history_downloader,{},9703385.05,812958739.3014463,
binance,SOLUSDT,usdm_futures,1779129300000,1779129300000,history_downloader,{},9711009.15,814343444.4572655,
binance,SOLUSDT,usdm_futures,1779129600000,1779129600000,history_downloader,{},9717208.33,814204885.9707,
binance,SOLUSDT,usdm_futures,1779129900000,1779129900000,history_downloader,{},9717973.33,814852063.7205,
binance,SOLUSDT,usdm_futures,1779130200000,1779130200000,history_downloader,{},9720624.62,814491136.9098,
binance,SOLUSDT,usdm_futures,1779130500000,1779130500000,history_downloader,{},9720861.17,813278914.2009282,
binance,SOLUSDT,usdm_futures,1779130800000,1779130800000,history_downloader,{},9754672.25,814320039.43,
binance,SOLUSDT,usdm_futures,1779131100000,1779131100000,history_downloader,{},9724992.03,823039489.7639065,
binance,SOLUSDT,usdm_futures,1779131400000,1779131400000,history_downloader,{},9720476.89,821769116.2806,
binance,SOLUSDT,usdm_futures,1779131700000,1779131700000,history_downloader,{},9716640.67,821639135.0552,
binance,SOLUSDT,usdm_futures,1779132000000,1779132000000,history_downloader,{},9699230.22,819584953.59,
binance,SOLUSDT,usdm_futures,1779132300000,1779132300000,history_downloader,{},9697362.37,818652766.4850308,
binance,SOLUSDT,usdm_futures,1779132600000,1779132600000,history_downloader,{},9693839.81,818257018.3621,
binance,SOLUSDT,usdm_futures,1779132900000,1779132900000,history_downloader,{},9693988.91,819142062.895,
binance,SOLUSDT,usdm_futures,1779133200000,1779133200000,history_downloader,{},9691749.21,820339646.6752677,
binance,SOLUSDT,usdm_futures,1779133500000,1779133500000,history_downloader,{},9686862.58,821930289.913,
binance,SOLUSDT,usdm_futures,1779133800000,1779133800000,history_downloader,{},9688173.63,822622822.9233,
binance,SOLUSDT,usdm_futures,1779134100000,1779134100000,history_downloader,{},9675812.4,822583905.0961696,
binance,SOLUSDT,usdm_futures,1779134400000,1779134400000,history_downloader,{},9698875.26,823942574.2917548,
binance,SOLUSDT,usdm_futures,1779134700000,1779134700000,history_downloader,{},9682729.06,823322451.9718,
binance,SOLUSDT,usdm_futures,1779135000000,1779135000000,history_downloader,{},9681474.38,823796654.9942,
binance,SOLUSDT,usdm_futures,1779135300000,1779135300000,history_downloader,{},9681677.62,825143500.1683836,
binance,SOLUSDT,usdm_futures,1779135600000,1779135600000,history_downloader,{},9671876.32,824624175.0432,
binance,SOLUSDT,usdm_futures,1779135900000,1779135900000,history_downloader,{},9668531.03,824923580.0730876,
binance,SOLUSDT,usdm_futures,1779136200000,1779136200000,history_downloader,{},9659787.87,823979905.311,
binance,SOLUSDT,usdm_futures,1779136500000,1779136500000,history_downloader,{},9651722.51,822317399.9279232,
binance,SOLUSDT,usdm_futures,1779136800000,1779136800000,history_downloader,{},9643216.3,820637707.13,
binance,SOLUSDT,usdm_futures,1779137100000,1779137100000,history_downloader,{},9641723.11,819642881.5811,
binance,SOLUSDT,usdm_futures,1779137400000,1779137400000,history_downloader,{},9635131.97,817830001.6136,
binance,SOLUSDT,usdm_futures,1779137700000,1779137700000,history_downloader,{},9637303.91,818231639.1129931,
binance,SOLUSDT,usdm_futures,1779138000000,1779138000000,history_downloader,{},9632362.79,817594953.6152,
binance,SOLUSDT,usdm_futures,1779138300000,1779138300000,history_downloader,{},9625368.6,816520018.338,
binance,SOLUSDT,usdm_futures,1779138600000,1779138600000,history_downloader,{},9616728.8,815690936.816,
binance,SOLUSDT,usdm_futures,1779138900000,1779138900000,history_downloader,{},9617449.05,817722524.0902789,
binance,SOLUSDT,usdm_futures,1779139200000,1779139200000,history_downloader,{},9617434.49,818251326.4092,
binance,SOLUSDT,usdm_futures,1779139500000,1779139500000,history_downloader,{},9612917.3,817872029.4210353,
binance,SOLUSDT,usdm_futures,1779139800000,1779139800000,history_downloader,{},9610285.77,819372964.7502,
binance,SOLUSDT,usdm_futures,1779140100000,1779140100000,history_downloader,{},9586634.21,818890294.2182,
binance,SOLUSDT,usdm_futures,1779140400000,1779140400000,history_downloader,{},9590074.77,819567789.8442,
binance,SOLUSDT,usdm_futures,1779140700000,1779140700000,history_downloader,{},9585734.38,819586602.0795186,
binance,SOLUSDT,usdm_futures,1779141000000,1779141000000,history_downloader,{},9587920.81,819191954.0064,
binance,SOLUSDT,usdm_futures,1779141300000,1779141300000,history_downloader,{},9587245.33,819901220.6216,
binance,SOLUSDT,usdm_futures,1779141600000,1779141600000,history_downloader,{},9588028.45,820064073.3285,
binance,SOLUSDT,usdm_futures,1779141900000,1779141900000,history_downloader,{},9604574.05,820806898.313,
binance,SOLUSDT,usdm_futures,1779142200000,1779142200000,history_downloader,{},9613871.31,822466690.5705,
binance,SOLUSDT,usdm_futures,1779142500000,1779142500000,history_downloader,{},9621920.13,823636363.128,
binance,SOLUSDT,usdm_futures,1779142800000,1779142800000,history_downloader,{},9631821.52,825134564.658635,
binance,SOLUSDT,usdm_futures,1779143100000,1779143100000,history_downloader,{},9634750.98,825046943.951269,
binance,SOLUSDT,usdm_futures,1779143400000,1779143400000,history_downloader,{},9636001.38,823974478.0038,
binance,SOLUSDT,usdm_futures,1779143700000,1779143700000,history_downloader,{},9636918.48,823603415.6149628,
binance,SOLUSDT,usdm_futures,1779144000000,1779144000000,history_downloader,{},9640687.03,824203489.3326912,
binance,SOLUSDT,usdm_futures,1779144300000,1779144300000,history_downloader,{},9642622.65,823136070.7517451,
binance,SOLUSDT,usdm_futures,1779144600000,1779144600000,history_downloader,{},9637404.83,821877883.9024,
binance,SOLUSDT,usdm_futures,1779144900000,1779144900000,history_downloader,{},9643079.37,822666985.713623,
binance,SOLUSDT,usdm_futures,1779145200000,1779145200000,history_downloader,{},9642423.51,823752240.4593,
binance,SOLUSDT,usdm_futures,1779145500000,1779145500000,history_downloader,{},9645829.59,824911346.5368,
binance,SOLUSDT,usdm_futures,1779145800000,1779145800000,history_downloader,{},9644851.44,824441901.0912,
binance,SOLUSDT,usdm_futures,1779146100000,1779146100000,history_downloader,{},9645156.16,823985690.7488,
binance,SOLUSDT,usdm_futures,1779146400000,1779146400000,history_downloader,{},9645990.4,823505368.958721,
binance,SOLUSDT,usdm_futures,1779146700000,1779146700000,history_downloader,{},9642868.52,823983115.034,
binance,SOLUSDT,usdm_futures,1779147000000,1779147000000,history_downloader,{},9640818.45,823546592.6675082,
binance,SOLUSDT,usdm_futures,1779147300000,1779147300000,history_downloader,{},9635920.3,822425797.605,
binance,SOLUSDT,usdm_futures,1779147600000,1779147600000,history_downloader,{},9633844.17,823211984.3265,
binance,SOLUSDT,usdm_futures,1779147900000,1779147900000,history_downloader,{},9630353.27,823410369.2133837,
binance,SOLUSDT,usdm_futures,1779148200000,1779148200000,history_downloader,{},9626381.47,821607337.6631771,
binance,SOLUSDT,usdm_futures,1779148500000,1779148500000,history_downloader,{},9631425.09,821158531.7802622,
binance,SOLUSDT,usdm_futures,1779148800000,1779148800000,history_downloader,{},9631656.23,821926105.4665,
binance,SOLUSDT,usdm_futures,1779149100000,1779149100000,history_downloader,{},9636726.35,821942127.6783992,
binance,SOLUSDT,usdm_futures,1779149400000,1779149400000,history_downloader,{},9644953.07,823725417.0022081,
binance,SOLUSDT,usdm_futures,1779149700000,1779149700000,history_downloader,{},9641542.76,824255490.5524,
binance,SOLUSDT,usdm_futures,1779150000000,1779150000000,history_downloader,{},9640749.86,825162329.8115268,
binance,SOLUSDT,usdm_futures,1779150300000,1779150300000,history_downloader,{},9627314.24,825332686.4675092,
binance,SOLUSDT,usdm_futures,1779150600000,1779150600000,history_downloader,{},9612627.03,824475020.3631,
binance,SOLUSDT,usdm_futures,1779150900000,1779150900000,history_downloader,{},9611890.75,823642918.3675,
binance,SOLUSDT,usdm_futures,1779151200000,1779151200000,history_downloader,{},9602167.47,822041557.1067,
binance,SOLUSDT,usdm_futures,1779151500000,1779151500000,history_downloader,{},9601546.54,821988399.2894,
binance,SOLUSDT,usdm_futures,1779151800000,1779151800000,history_downloader,{},9604122.15,822689103.369,
binance,SOLUSDT,usdm_futures,1779152100000,1779152100000,history_downloader,{},9603593.11,821683426.4916,
binance,SOLUSDT,usdm_futures,1779152400000,1779152400000,history_downloader,{},9606212.52,821619356.8356,
binance,SOLUSDT,usdm_futures,1779152700000,1779152700000,history_downloader,{},9604525.84,820802778.2864,
binance,SOLUSDT,usdm_futures,1779153000000,1779153000000,history_downloader,{},9609706.38,821638517.5107583,
binance,SOLUSDT,usdm_futures,1779153300000,1779153300000,history_downloader,{},9610785.6,821360223.6349604,
binance,SOLUSDT,usdm_futures,1779153600000,1779153600000,history_downloader,{},9606794.77,819747797.7241,
binance,SOLUSDT,usdm_futures,1779153900000,1779153900000,history_downloader,{},9600404.14,817956984.4194164,
binance,SOLUSDT,usdm_futures,1779154200000,1779154200000,history_downloader,{},9589572.58,815558973.4733009,
binance,SOLUSDT,usdm_futures,1779154500000,1779154500000,history_downloader,{},9594260.08,817622844.0176,
binance,SOLUSDT,usdm_futures,1779154800000,1779154800000,history_downloader,{},9595034.07,816921200.7198,
binance,SOLUSDT,usdm_futures,1779155100000,1779155100000,history_downloader,{},9596656.53,817466632.790552,
binance,SOLUSDT,usdm_futures,1779155400000,1779155400000,history_downloader,{},9594348.81,815231818.3857,
binance,SOLUSDT,usdm_futures,1779155700000,1779155700000,history_downloader,{},9592720.91,815061139.666925,
binance,SOLUSDT,usdm_futures,1779156000000,1779156000000,history_downloader,{},9594673.56,814164468.8222132,
binance,SOLUSDT,usdm_futures,1779156300000,1779156300000,history_downloader,{},9588011.93,811625209.8745,
binance,SOLUSDT,usdm_futures,1779156600000,1779156600000,history_downloader,{},9596768.62,812638084.0962179,
binance,SOLUSDT,usdm_futures,1779156900000,1779156900000,history_downloader,{},9605221.27,814714868.1214,
binance,SOLUSDT,usdm_futures,1779157200000,1779157200000,history_downloader,{},9611633.04,815931528.7656,
binance,SOLUSDT,usdm_futures,1779157500000,1779157500000,history_downloader,{},9608346.96,819207661.8096,
binance,SOLUSDT,usdm_futures,1779157800000,1779157800000,history_downloader,{},9609884.19,817416749.2014,
binance,SOLUSDT,usdm_futures,1779158100000,1779158100000,history_downloader,{},9609741.76,816160518.2100911,
binance,SOLUSDT,usdm_futures,1779158400000,1779158400000,history_downloader,{},9601922.46,815288610.3991673,
binance,SOLUSDT,usdm_futures,1779158700000,1779158700000,history_downloader,{},9600528.12,814924698.1788263,
binance,SOLUSDT,usdm_futures,1779159000000,1779159000000,history_downloader,{},9604122.93,815390036.757,
binance,SOLUSDT,usdm_futures,1779159300000,1779159300000,history_downloader,{},9603895.01,814234847.5157762,
binance,SOLUSDT,usdm_futures,1779159600000,1779159600000,history_downloader,{},9603127.78,814537298.2996,
binance,SOLUSDT,usdm_futures,1779159900000,1779159900000,history_downloader,{},9601402.54,813912453.6397268,
binance,SOLUSDT,usdm_futures,1779160200000,1779160200000,history_downloader,{},9603679.55,815352393.795,
binance,SOLUSDT,usdm_futures,1779160500000,1779160500000,history_downloader,{},9606830.57,816196325.2272,
binance,SOLUSDT,usdm_futures,1779160800000,1779160800000,history_downloader,{},9606863.85,816446156.4056143,
binance,SOLUSDT,usdm_futures,1779161100000,1779161100000,history_downloader,{},9610890.41,816389350.6484125,
binance,SOLUSDT,usdm_futures,1779161400000,1779161400000,history_downloader,{},9612711.59,816888230.9182,
binance,SOLUSDT,usdm_futures,1779161700000,1779161700000,history_downloader,{},9613700.44,817933633.4352,
binance,SOLUSDT,usdm_futures,1779162000000,1779162000000,history_downloader,{},9617487.72,818736729.6036,
binance,SOLUSDT,usdm_futures,1779162300000,1779162300000,history_downloader,{},9617629.74,819133524.9558,
binance,SOLUSDT,usdm_futures,1779162600000,1779162600000,history_downloader,{},9618707.18,819046702.3890657,
binance,SOLUSDT,usdm_futures,1779162900000,1779162900000,history_downloader,{},9617533.93,818355962.1037,
binance,SOLUSDT,usdm_futures,1779163200000,1779163200000,history_downloader,{},9618200.89,817800659.7088289,
binance,SOLUSDT,usdm_futures,1779163500000,1779163500000,history_downloader,{},9623588.22,818967357.522,
binance,SOLUSDT,usdm_futures,1779163800000,1779163800000,history_downloader,{},9631268.25,820514684.3420519,
binance,SOLUSDT,usdm_futures,1779164100000,1779164100000,history_downloader,{},9635034.28,821001270.9988,
binance,SOLUSDT,usdm_futures,1779164400000,1779164400000,history_downloader,{},9634481.69,819605357.3683,
binance,SOLUSDT,usdm_futures,1779164700000,1779164700000,history_downloader,{},9629084.78,817964250.0272509,
binance,SOLUSDT,usdm_futures,1779165000000,1779165000000,history_downloader,{},9626341.93,816185573.6558632,
binance,SOLUSDT,usdm_futures,1779165300000,1779165300000,history_downloader,{},9627155.46,817305146.1393462,
binance,SOLUSDT,usdm_futures,1779165600000,1779165600000,history_downloader,{},9638316.17,819798767.18683,
binance,SOLUSDT,usdm_futures,1779165900000,1779165900000,history_downloader,{},9625527.49,818799808.654442,
binance,SOLUSDT,usdm_futures,1779166200000,1779166200000,history_downloader,{},9598583.39,817607333.1602,
binance,SOLUSDT,usdm_futures,1779166500000,1779166500000,history_downloader,{},9598654.86,817385656.413358,
binance,SOLUSDT,usdm_futures,1779166800000,1779166800000,history_downloader,{},9593109.81,816412671.6162602,
binance,SOLUSDT,usdm_futures,1779167100000,1779167100000,history_downloader,{},9593547.56,816104315.0135285,
binance,SOLUSDT,usdm_futures,1779167400000,1779167400000,history_downloader,{},9594655.34,816001974.1846713,
binance,SOLUSDT,usdm_futures,1779167700000,1779167700000,history_downloader,{},9592657.86,814495332.1571069,
binance,SOLUSDT,usdm_futures,1779168000000,1779168000000,history_downloader,{},9591587.68,811761183.0408894,
binance,SOLUSDT,usdm_futures,1779168300000,1779168300000,history_downloader,{},9611279.67,811768680.9282,
binance,SOLUSDT,usdm_futures,1779168600000,1779168600000,history_downloader,{},9612528.37,815050941.6073066,
binance,SOLUSDT,usdm_futures,1779168900000,1779168900000,history_downloader,{},9603554.73,815384875.6265945,
binance,SOLUSDT,usdm_futures,1779169200000,1779169200000,history_downloader,{},9602008.64,816938895.0912,
binance,SOLUSDT,usdm_futures,1779169500000,1779169500000,history_downloader,{},9590588.41,815914601.3445231,
binance,SOLUSDT,usdm_futures,1779169800000,1779169800000,history_downloader,{},9585000.18,816743062.7082976,
binance,SOLUSDT,usdm_futures,1779170100000,1779170100000,history_downloader,{},9586975.55,816479454.7069993,
binance,SOLUSDT,usdm_futures,1779170400000,1779170400000,history_downloader,{},9588304.81,816348271.5234,
binance,SOLUSDT,usdm_futures,1779170700000,1779170700000,history_downloader,{},9589046.66,816813772.6329838,
binance,SOLUSDT,usdm_futures,1779171000000,1779171000000,history_downloader,{},9589528.11,816644213.8476,
binance,SOLUSDT,usdm_futures,1779171300000,1779171300000,history_downloader,{},9592233.35,817641970.754,
binance,SOLUSDT,usdm_futures,1779171600000,1779171600000,history_downloader,{},9590694.56,816935362.6208,
binance,SOLUSDT,usdm_futures,1779171900000,1779171900000,history_downloader,{},9591585.14,817203053.928,
binance,SOLUSDT,usdm_futures,1779172200000,1779172200000,history_downloader,{},9599046.48,818414702.8848,
binance,SOLUSDT,usdm_futures,1779172500000,1779172500000,history_downloader,{},9603640.65,819670729.4775,
binance,SOLUSDT,usdm_futures,1779172800000,1779172800000,history_downloader,{},9613525.45,821475749.7025,
binance,SOLUSDT,usdm_futures,1779173100000,1779173100000,history_downloader,{},9607079.52,821684643.1465659,
binance,SOLUSDT,usdm_futures,1779173400000,1779173400000,history_downloader,{},9606434.12,818948508.73,
binance,SOLUSDT,usdm_futures,1779173700000,1779173700000,history_downloader,{},9602383.44,818315116.7568,
binance,SOLUSDT,usdm_futures,1779174000000,1779174000000,history_downloader,{},9600010.65,818108998.5646634,
binance,SOLUSDT,usdm_futures,1779174300000,1779174300000,history_downloader,{},9597415.59,817128525.7520232,
binance,SOLUSDT,usdm_futures,1779174600000,1779174600000,history_downloader,{},9594363.61,818687716.4319364,
binance,SOLUSDT,usdm_futures,1779174900000,1779174900000,history_downloader,{},9594134.59,818768024.3275677,
binance,SOLUSDT,usdm_futures,1779175200000,1779175200000,history_downloader,{},9594044.48,819235458.1472,
binance,SOLUSDT,usdm_futures,1779175500000,1779175500000,history_downloader,{},9602672.93,819204027.6583,
binance,SOLUSDT,usdm_futures,1779175800000,1779175800000,history_downloader,{},9598554.93,818564764.4304,
binance,SOLUSDT,usdm_futures,1779176100000,1779176100000,history_downloader,{},9595063.41,819244942.9921904,
binance,SOLUSDT,usdm_futures,1779176400000,1779176400000,history_downloader,{},9597692.52,819834895.0584,
binance,SOLUSDT,usdm_futures,1779176700000,1779176700000,history_downloader,{},9602671.81,820469296.7252214,
binance,SOLUSDT,usdm_futures,1779177000000,1779177000000,history_downloader,{},9595917.69,820596805.1863788,
binance,SOLUSDT,usdm_futures,1779177300000,1779177300000,history_downloader,{},9593320.21,819461412.3382,
binance,SOLUSDT,usdm_futures,1779177600000,1779177600000,history_downloader,{},9593930.42,819705415.0848,
binance,SOLUSDT,usdm_futures,1779177900000,1779177900000,history_downloader,{},9594390.77,818482721.6629665,
binance,SOLUSDT,usdm_futures,1779178200000,1779178200000,history_downloader,{},9593898.02,816536660.4822,
binance,SOLUSDT,usdm_futures,1779178500000,1779178500000,history_downloader,{},9600542.68,817207640.719646,
binance,SOLUSDT,usdm_futures,1779178800000,1779178800000,history_downloader,{},9594875.73,818096995.2878528,
binance,SOLUSDT,usdm_futures,1779179100000,1779179100000,history_downloader,{},9587556.41,816380428.3115,
binance,SOLUSDT,usdm_futures,1779179400000,1779179400000,history_downloader,{},9579487.21,815990745.9601396,
binance,SOLUSDT,usdm_futures,1779179700000,1779179700000,history_downloader,{},9576761.37,816733162.8538702,
binance,SOLUSDT,usdm_futures,1779180000000,1779180000000,history_downloader,{},9572507.0,816917747.38,
binance,SOLUSDT,usdm_futures,1779180300000,1779180300000,history_downloader,{},9575219.49,817173448.7302297,
binance,SOLUSDT,usdm_futures,1779180600000,1779180600000,history_downloader,{},9582708.12,817788310.9608,
binance,SOLUSDT,usdm_futures,1779180900000,1779180900000,history_downloader,{},9583359.21,817556374.2051,
binance,SOLUSDT,usdm_futures,1779181200000,1779181200000,history_downloader,{},9579293.7,815990261.9121594,
binance,SOLUSDT,usdm_futures,1779181500000,1779181500000,history_downloader,{},9576846.82,815851580.5958,
binance,SOLUSDT,usdm_futures,1779181800000,1779181800000,history_downloader,{},9574258.7,815670701.9039145,
binance,SOLUSDT,usdm_futures,1779182100000,1779182100000,history_downloader,{},9572209.14,815265052.4538,
binance,SOLUSDT,usdm_futures,1779182400000,1779182400000,history_downloader,{},9564650.46,812823054.135074,
binance,SOLUSDT,usdm_futures,1779182700000,1779182700000,history_downloader,{},9554871.14,811162608.2130674,
binance,SOLUSDT,usdm_futures,1779183000000,1779183000000,history_downloader,{},9572181.28,809382359.7200142,
binance,SOLUSDT,usdm_futures,1779183300000,1779183300000,history_downloader,{},9642600.44,814992589.1888,
binance,SOLUSDT,usdm_futures,1779183600000,1779183600000,history_downloader,{},9640630.18,816055225.1335715,
binance,SOLUSDT,usdm_futures,1779183900000,1779183900000,history_downloader,{},9649558.14,817317574.458,
binance,SOLUSDT,usdm_futures,1779184200000,1779184200000,history_downloader,{},9662386.15,818500730.7665,
binance,SOLUSDT,usdm_futures,1779184500000,1779184500000,history_downloader,{},9662490.13,818350537.5160911,
binance,SOLUSDT,usdm_futures,1779184800000,1779184800000,history_downloader,{},9657413.02,818079456.9242,
binance,SOLUSDT,usdm_futures,1779185100000,1779185100000,history_downloader,{},9654304.93,816947283.1766,
binance,SOLUSDT,usdm_futures,1779185400000,1779185400000,history_downloader,{},9654154.49,817224177.5785,
binance,SOLUSDT,usdm_futures,1779185700000,1779185700000,history_downloader,{},9660568.18,817670490.7552,
binance,SOLUSDT,usdm_futures,1779186000000,1779186000000,history_downloader,{},9663270.56,817151385.2944585,
binance,SOLUSDT,usdm_futures,1779186300000,1779186300000,history_downloader,{},9663719.42,817164114.1552,
binance,SOLUSDT,usdm_futures,1779186600000,1779186600000,history_downloader,{},9664435.9,817766134.7454219,
binance,SOLUSDT,usdm_futures,1779186900000,1779186900000,history_downloader,{},9661319.9,818603635.127,
binance,SOLUSDT,usdm_futures,1779187200000,1779187200000,history_downloader,{},9654865.13,817097185.859085,
binance,SOLUSDT,usdm_futures,1779187500000,1779187500000,history_downloader,{},9647580.31,814255778.164,
binance,SOLUSDT,usdm_futures,1779187800000,1779187800000,history_downloader,{},9663988.2,816607002.9,
binance,SOLUSDT,usdm_futures,1779188100000,1779188100000,history_downloader,{},9662354.42,817145313.2994,
binance,SOLUSDT,usdm_futures,1779188400000,1779188400000,history_downloader,{},9668290.22,818517450.0252,
binance,SOLUSDT,usdm_futures,1779188700000,1779188700000,history_downloader,{},9668891.57,818181604.6534,
binance,SOLUSDT,usdm_futures,1779189000000,1779189000000,history_downloader,{},9671241.08,819734393.9408,
binance,SOLUSDT,usdm_futures,1779189300000,1779189300000,history_downloader,{},9672498.64,819067184.8352,
binance,SOLUSDT,usdm_futures,1779189600000,1779189600000,history_downloader,{},9673252.65,818387514.0567391,
binance,SOLUSDT,usdm_futures,1779189900000,1779189900000,history_downloader,{},9678862.47,817670301.4656,
binance,SOLUSDT,usdm_futures,1779190200000,1779190200000,history_downloader,{},9679602.84,818313624.0936,
binance,SOLUSDT,usdm_futures,1779190500000,1779190500000,history_downloader,{},9681797.02,818402302.1006,
binance,SOLUSDT,usdm_futures,1779190800000,1779190800000,history_downloader,{},9682850.63,817415657.7269818,
binance,SOLUSDT,usdm_futures,1779191100000,1779191100000,history_downloader,{},9670724.96,814533009.9610385,
binance,SOLUSDT,usdm_futures,1779191400000,1779191400000,history_downloader,{},9666349.9,815435665.7644727,
binance,SOLUSDT,usdm_futures,1779191700000,1779191700000,history_downloader,{},9679104.11,816931347.1976855,
binance,SOLUSDT,usdm_futures,1779192000000,1779192000000,history_downloader,{},9669477.66,815393310.8759271,
binance,SOLUSDT,usdm_futures,1779192300000,1779192300000,history_downloader,{},9678091.89,816512200.301034,
binance,SOLUSDT,usdm_futures,1779192600000,1779192600000,history_downloader,{},9676676.44,817582392.4156,
binance,SOLUSDT,usdm_futures,1779192900000,1779192900000,history_downloader,{},9676303.47,817715313.185398,
binance,SOLUSDT,usdm_futures,1779193200000,1779193200000,history_downloader,{},9674348.39,817869412.8906,
binance,SOLUSDT,usdm_futures,1779193500000,1779193500000,history_downloader,{},9680075.42,818712411.0785779,
binance,SOLUSDT,usdm_futures,1779193800000,1779193800000,history_downloader,{},9683344.61,819017287.1138,
binance,SOLUSDT,usdm_futures,1779194100000,1779194100000,history_downloader,{},9687401.61,819772004.212382,
binance,SOLUSDT,usdm_futures,1779194400000,1779194400000,history_downloader,{},9687770.26,820069752.509,
binance,SOLUSDT,usdm_futures,1779194700000,1779194700000,history_downloader,{},9686945.04,820484244.888,
binance,SOLUSDT,usdm_futures,1779195000000,1779195000000,history_downloader,{},9682746.69,820031817.1761,
binance,SOLUSDT,usdm_futures,1779195300000,1779195300000,history_downloader,{},9678537.33,820045793.0125049,
binance,SOLUSDT,usdm_futures,1779195600000,1779195600000,history_downloader,{},9610702.67,814314837.2291,
binance,SOLUSDT,usdm_futures,1779195900000,1779195900000,history_downloader,{},9610259.57,814565601.1532,
binance,SOLUSDT,usdm_futures,1779196200000,1779196200000,history_downloader,{},9613633.6,813861771.6230419,
binance,SOLUSDT,usdm_futures,1779196500000,1779196500000,history_downloader,{},9616709.37,814246782.3579,
binance,SOLUSDT,usdm_futures,1779196800000,1779196800000,history_downloader,{},9615992.26,812935985.6604,
binance,SOLUSDT,usdm_futures,1779197100000,1779197100000,history_downloader,{},9617404.75,813151571.6125,
binance,SOLUSDT,usdm_futures,1779197400000,1779197400000,history_downloader,{},9611916.58,810851413.7495706,
binance,SOLUSDT,usdm_futures,1779197700000,1779197700000,history_downloader,{},9610506.78,814832880.5149224,
binance,SOLUSDT,usdm_futures,1779198000000,1779198000000,history_downloader,{},9605650.22,814924857.3624647,
binance,SOLUSDT,usdm_futures,1779198300000,1779198300000,history_downloader,{},9604862.26,812475298.5734,
binance,SOLUSDT,usdm_futures,1779198600000,1779198600000,history_downloader,{},9612189.75,814767665.3299438,
binance,SOLUSDT,usdm_futures,1779198900000,1779198900000,history_downloader,{},9611694.14,816705651.0758,
binance,SOLUSDT,usdm_futures,1779199200000,1779199200000,history_downloader,{},9615524.29,814819528.3346,
binance,SOLUSDT,usdm_futures,1779199500000,1779199500000,history_downloader,{},9620857.17,816605518.3253752,
binance,SOLUSDT,usdm_futures,1779199800000,1779199800000,history_downloader,{},9624907.88,813083289.175525,
binance,SOLUSDT,usdm_futures,1779200100000,1779200100000,history_downloader,{},9629292.9,812219772.1248215,
binance,SOLUSDT,usdm_futures,1779200400000,1779200400000,history_downloader,{},9628479.36,811541714.8206152,
binance,SOLUSDT,usdm_futures,1779200700000,1779200700000,history_downloader,{},9655205.03,812614831.3665551,
binance,SOLUSDT,usdm_futures,1779201000000,1779201000000,history_downloader,{},9647978.02,812649188.6246,
binance,SOLUSDT,usdm_futures,1779201300000,1779201300000,history_downloader,{},9681159.24,813633162.4902279,
binance,SOLUSDT,usdm_futures,1779201600000,1779201600000,history_downloader,{},9676071.84,815343963.7641686,
binance,SOLUSDT,usdm_futures,1779201900000,1779201900000,history_downloader,{},9681786.59,815303248.7439,
binance,SOLUSDT,usdm_futures,1779202200000,1779202200000,history_downloader,{},9665394.41,810926590.999,
binance,SOLUSDT,usdm_futures,1779202500000,1779202500000,history_downloader,{},9686141.73,812870171.7442986,
binance,SOLUSDT,usdm_futures,1779202800000,1779202800000,history_downloader,{},9693984.8,814964649.8668066,
binance,SOLUSDT,usdm_futures,1779203100000,1779203100000,history_downloader,{},9693352.89,817097942.8286818,
binance,SOLUSDT,usdm_futures,1779203400000,1779203400000,history_downloader,{},9688727.2,815555838.8816185,
binance,SOLUSDT,usdm_futures,1779203700000,1779203700000,history_downloader,{},9689559.72,816636093.2016,
binance,SOLUSDT,usdm_futures,1779204000000,1779204000000,history_downloader,{},9688614.8,816459569.196,
binance,SOLUSDT,usdm_futures,1779204300000,1779204300000,history_downloader,{},9688858.78,814068651.6951228,
binance,SOLUSDT,usdm_futures,1779204600000,1779204600000,history_downloader,{},9698075.1,816286981.167,
binance,SOLUSDT,usdm_futures,1779204900000,1779204900000,history_downloader,{},9695210.94,818372755.4454,
binance,SOLUSDT,usdm_futures,1779205200000,1779205200000,history_downloader,{},9700037.09,819101761.2987176,
binance,SOLUSDT,usdm_futures,1779205500000,1779205500000,history_downloader,{},9696257.33,817008514.8761278,
binance,SOLUSDT,usdm_futures,1779205800000,1779205800000,history_downloader,{},9695979.5,816983232.67,
binance,SOLUSDT,usdm_futures,1779206100000,1779206100000,history_downloader,{},9695562.03,816989867.4016757,
binance,SOLUSDT,usdm_futures,1779206400000,1779206400000,history_downloader,{},9696432.64,817603200.2048,
binance,SOLUSDT,usdm_futures,1779206700000,1779206700000,history_downloader,{},9697130.39,817571835.0749365,
binance,SOLUSDT,usdm_futures,1779207000000,1779207000000,history_downloader,{},9698217.11,815814023.2932,
binance,SOLUSDT,usdm_futures,1779207300000,1779207300000,history_downloader,{},9699696.51,816423455.2467,
binance,SOLUSDT,usdm_futures,1779207600000,1779207600000,history_downloader,{},9697216.31,817184418.4437,
binance,SOLUSDT,usdm_futures,1779207900000,1779207900000,history_downloader,{},9696127.6,817383556.68,
binance,SOLUSDT,usdm_futures,1779208200000,1779208200000,history_downloader,{},9693013.06,817506011.7985991,
binance,SOLUSDT,usdm_futures,1779208500000,1779208500000,history_downloader,{},9690715.5,819931438.455,
binance,SOLUSDT,usdm_futures,1779208800000,1779208800000,history_downloader,{},9685337.84,819285292.0787932,
binance,SOLUSDT,usdm_futures,1779209100000,1779209100000,history_downloader,{},9675578.55,819198729.948315,
binance,SOLUSDT,usdm_futures,1779209400000,1779209400000,history_downloader,{},9673431.39,819064158.0767354,
binance,SOLUSDT,usdm_futures,1779209700000,1779209700000,history_downloader,{},9671656.63,819957881.4285461,
binance,SOLUSDT,usdm_futures,1779210000000,1779210000000,history_downloader,{},9665632.17,819560160.5413022,
binance,SOLUSDT,usdm_futures,1779210300000,1779210300000,history_downloader,{},9672513.27,821389826.8884,
binance,SOLUSDT,usdm_futures,1779210600000,1779210600000,history_downloader,{},9680217.1,820427284.7024199,
binance,SOLUSDT,usdm_futures,1779210900000,1779210900000,history_downloader,{},9676348.73,820264081.8421,
binance,SOLUSDT,usdm_futures,1779211200000,1779211200000,history_downloader,{},9668721.91,820777802.9399,
binance,SOLUSDT,usdm_futures,1779211500000,1779211500000,history_downloader,{},9672633.21,820142569.8759,
binance,SOLUSDT,usdm_futures,1779211800000,1779211800000,history_downloader,{},9667251.17,818557856.2538666,
binance,SOLUSDT,usdm_futures,1779212100000,1779212100000,history_downloader,{},9662023.76,816644995.4574687,
binance,SOLUSDT,usdm_futures,1779212400000,1779212400000,history_downloader,{},9661818.33,818602455.3917251,
binance,SOLUSDT,usdm_futures,1779212700000,1779212700000,history_downloader,{},9662792.91,817762163.9733,
binance,SOLUSDT,usdm_futures,1779213000000,1779213000000,history_downloader,{},9659644.59,816627611.0345362,
binance,SOLUSDT,usdm_futures,1779213300000,1779213300000,history_downloader,{},9659957.33,816771770.5086507,
binance,SOLUSDT,usdm_futures,1779213600000,1779213600000,history_downloader,{},9658769.71,817518268.2544,
binance,SOLUSDT,usdm_futures,1779213900000,1779213900000,history_downloader,{},9648944.74,816011256.6618,
binance,SOLUSDT,usdm_futures,1779214200000,1779214200000,history_downloader,{},9646459.58,817344520.2134,
binance,SOLUSDT,usdm_futures,1779214500000,1779214500000,history_downloader,{},9645490.03,816973005.541,
binance,SOLUSDT,usdm_futures,1779214800000,1779214800000,history_downloader,{},9645907.41,816916836.099985,
binance,SOLUSDT,usdm_futures,1779215100000,1779215100000,history_downloader,{},9646224.56,814913050.8288,
binance,SOLUSDT,usdm_futures,1779215400000,1779215400000,history_downloader,{},9644948.73,813647874.8628,
binance,SOLUSDT,usdm_futures,1779215700000,1779215700000,history_downloader,{},9636863.75,812856326.7965347,
binance,SOLUSDT,usdm_futures,1779216000000,1779216000000,history_downloader,{},9642231.85,814287751.9285703,
binance,SOLUSDT,usdm_futures,1779216300000,1779216300000,history_downloader,{},9646405.67,814349566.6614,
binance,SOLUSDT,usdm_futures,1779216600000,1779216600000,history_downloader,{},9647431.92,814918574.2824,
binance,SOLUSDT,usdm_futures,1779216900000,1779216900000,history_downloader,{},9647589.68,814256568.992,
binance,SOLUSDT,usdm_futures,1779217200000,1779217200000,history_downloader,{},9653272.46,814048027.0553099,
binance,SOLUSDT,usdm_futures,1779217500000,1779217500000,history_downloader,{},9658763.0,815006421.94,
binance,SOLUSDT,usdm_futures,1779217800000,1779217800000,history_downloader,{},9657026.99,816801989.2036052,
binance,SOLUSDT,usdm_futures,1779218100000,1779218100000,history_downloader,{},9660557.16,818055980.3088,
binance,SOLUSDT,usdm_futures,1779218400000,1779218400000,history_downloader,{},9661508.72,816687332.1016,
binance,SOLUSDT,usdm_futures,1779218700000,1779218700000,history_downloader,{},9661982.27,815105236.6840427,
binance,SOLUSDT,usdm_futures,1779219000000,1779219000000,history_downloader,{},9657303.52,813724394.5952,
binance,SOLUSDT,usdm_futures,1779219300000,1779219300000,history_downloader,{},9656780.74,814607884.2537065,
binance,SOLUSDT,usdm_futures,1779219600000,1779219600000,history_downloader,{},9657879.28,815449398.535996,
binance,SOLUSDT,usdm_futures,1779219900000,1779219900000,history_downloader,{},9659512.43,815552634.4649,
binance,SOLUSDT,usdm_futures,1779220200000,1779220200000,history_downloader,{},9654282.58,814815275.2590331,
binance,SOLUSDT,usdm_futures,1779220500000,1779220500000,history_downloader,{},9659919.66,814195956.971422,
binance,SOLUSDT,usdm_futures,1779220800000,1779220800000,history_downloader,{},9661209.17,814477331.3784729,
binance,SOLUSDT,usdm_futures,1779221100000,1779221100000,history_downloader,{},9662564.02,814264269.9654,
binance,SOLUSDT,usdm_futures,1779221400000,1779221400000,history_downloader,{},9662994.01,815266804.6237,
binance,SOLUSDT,usdm_futures,1779221700000,1779221700000,history_downloader,{},9661918.2,815398974.542733,
binance,SOLUSDT,usdm_futures,1779222000000,1779222000000,history_downloader,{},9655233.05,815094774.081,
binance,SOLUSDT,usdm_futures,1779222300000,1779222300000,history_downloader,{},9653205.22,814390742.6101921,
binance,SOLUSDT,usdm_futures,1779222600000,1779222600000,history_downloader,{},9651170.54,814118936.2670074,
binance,SOLUSDT,usdm_futures,1779222900000,1779222900000,history_downloader,{},9650524.16,814697249.5872,
binance,SOLUSDT,usdm_futures,1779223200000,1779223200000,history_downloader,{},9657608.81,815102183.564,
binance,SOLUSDT,usdm_futures,1779223500000,1779223500000,history_downloader,{},9657147.46,815220937.4745888,
binance,SOLUSDT,usdm_futures,1779223800000,1779223800000,history_downloader,{},9653870.83,815655546.4267,
binance,SOLUSDT,usdm_futures,1779224100000,1779224100000,history_downloader,{},9656047.91,815936048.395,
binance,SOLUSDT,usdm_futures,1779224400000,1779224400000,history_downloader,{},9654711.14,815726544.2186,
binance,SOLUSDT,usdm_futures,1779224700000,1779224700000,history_downloader,{},9652134.55,814543634.6745,
binance,SOLUSDT,usdm_futures,1779225000000,1779225000000,history_downloader,{},9649447.58,814509870.2278,
binance,SOLUSDT,usdm_futures,1779225300000,1779225300000,history_downloader,{},9645595.95,815728049.4915,
binance,SOLUSDT,usdm_futures,1779225600000,1779225600000,history_downloader,{},9641094.07,814797060.2486767,
binance,SOLUSDT,usdm_futures,1779225900000,1779225900000,history_downloader,{},9640291.61,815279461.4577,
binance,SOLUSDT,usdm_futures,1779226200000,1779226200000,history_downloader,{},9633239.81,814201428.7412,
binance,SOLUSDT,usdm_futures,1779226500000,1779226500000,history_downloader,{},9632738.8,814929702.48,
binance,SOLUSDT,usdm_futures,1779226800000,1779226800000,history_downloader,{},9630307.44,814338797.1264,
binance,SOLUSDT,usdm_futures,1779227100000,1779227100000,history_downloader,{},9625053.68,813798288.644,
binance,SOLUSDT,usdm_futures,1779227400000,1779227400000,history_downloader,{},9622192.86,812979074.7414,
binance,SOLUSDT,usdm_futures,1779227700000,1779227700000,history_downloader,{},9622594.39,813397903.7867,
binance,SOLUSDT,usdm_futures,1779228000000,1779228000000,history_downloader,{},9623439.71,812218311.524,
binance,SOLUSDT,usdm_futures,1779228300000,1779228300000,history_downloader,{},9629718.99,811493983.8350703,
binance,SOLUSDT,usdm_futures,1779228600000,1779228600000,history_downloader,{},9632334.02,811427817.8448,
binance,SOLUSDT,usdm_futures,1779228900000,1779228900000,history_downloader,{},9634220.22,811598322.4950092,
binance,SOLUSDT,usdm_futures,1779229200000,1779229200000,history_downloader,{},9634456.93,811221273.506,
binance,SOLUSDT,usdm_futures,1779229500000,1779229500000,history_downloader,{},9635507.61,810022681.8799075,
binance,SOLUSDT,usdm_futures,1779229800000,1779229800000,history_downloader,{},9634958.02,809861859.2693684,
binance,SOLUSDT,usdm_futures,1779230100000,1779230100000,history_downloader,{},9630079.32,810852678.744,
binance,SOLUSDT,usdm_futures,1779230400000,1779230400000,history_downloader,{},9629275.41,809758395.4267224,
binance,SOLUSDT,usdm_futures,1779230700000,1779230700000,history_downloader,{},9632032.7,810439231.378,
binance,SOLUSDT,usdm_futures,1779231000000,1779231000000,history_downloader,{},9633688.62,810578560.4868,
binance,SOLUSDT,usdm_futures,1779231300000,1779231300000,history_downloader,{},9634238.42,810374986.5515164,
binance,SOLUSDT,usdm_futures,1779231600000,1779231600000,history_downloader,{},9632702.05,809760487.8556504,
binance,SOLUSDT,usdm_futures,1779231900000,1779231900000,history_downloader,{},9641286.99,810832235.859,
binance,SOLUSDT,usdm_futures,1779232200000,1779232200000,history_downloader,{},9640515.61,811635009.2059,
binance,SOLUSDT,usdm_futures,1779232500000,1779232500000,history_downloader,{},9642873.15,811929919.23,
binance,SOLUSDT,usdm_futures,1779232800000,1779232800000,history_downloader,{},9640378.77,812750951.6702659,
binance,SOLUSDT,usdm_futures,1779233100000,1779233100000,history_downloader,{},9643755.11,813836493.7329,
binance,SOLUSDT,usdm_futures,1779233400000,1779233400000,history_downloader,{},9639479.07,813783231.9881592,
binance,SOLUSDT,usdm_futures,1779233700000,1779233700000,history_downloader,{},9636379.2,814755861.36,
binance,SOLUSDT,usdm_futures,1779234000000,1779234000000,history_downloader,{},9634765.83,813774849.914916,
binance,SOLUSDT,usdm_futures,1779234300000,1779234300000,history_downloader,{},9634725.53,813363529.2426,
binance,SOLUSDT,usdm_futures,1779234600000,1779234600000,history_downloader,{},9636616.1,812944934.196,
binance,SOLUSDT,usdm_futures,1779234900000,1779234900000,history_downloader,{},9637046.56,811945828.4854009,
binance,SOLUSDT,usdm_futures,1779235200000,1779235200000,history_downloader,{},9638955.62,812082010.985,
binance,SOLUSDT,usdm_futures,1779235500000,1779235500000,history_downloader,{},9639224.21,812708350.184699,
binance,SOLUSDT,usdm_futures,1779235800000,1779235800000,history_downloader,{},9644470.61,811775091.2437,
binance,SOLUSDT,usdm_futures,1779236100000,1779236100000,history_downloader,{},9650258.63,810254618.9489433,
binance,SOLUSDT,usdm_futures,1779236400000,1779236400000,history_downloader,{},9655746.43,810889585.1914,
binance,SOLUSDT,usdm_futures,1779236700000,1779236700000,history_downloader,{},9664707.09,811496780.369571,
binance,SOLUSDT,usdm_futures,1779237000000,1779237000000,history_downloader,{},9668447.56,813327414.7968378,
binance,SOLUSDT,usdm_futures,1779237300000,1779237300000,history_downloader,{},9663898.26,813120399.5964,
binance,SOLUSDT,usdm_futures,1779237600000,1779237600000,history_downloader,{},9665317.62,812756558.6658,
binance,SOLUSDT,usdm_futures,1779237900000,1779237900000,history_downloader,{},9667070.72,813523298.4071717,
binance,SOLUSDT,usdm_futures,1779238200000,1779238200000,history_downloader,{},9666441.58,814011045.4518,
binance,SOLUSDT,usdm_futures,1779238500000,1779238500000,history_downloader,{},9670879.02,814094595.9036,
binance,SOLUSDT,usdm_futures,1779238800000,1779238800000,history_downloader,{},9669723.73,813957718.7074075,
binance,SOLUSDT,usdm_futures,1779239100000,1779239100000,history_downloader,{},9670279.56,814056527.3713008,
binance,SOLUSDT,usdm_futures,1779239400000,1779239400000,history_downloader,{},9669173.01,814821209.5527,
binance,SOLUSDT,usdm_futures,1779239700000,1779239700000,history_downloader,{},9670359.09,815542586.2026358,
binance,SOLUSDT,usdm_futures,1779240000000,1779240000000,history_downloader,{},9669121.44,815022860.6101218,
binance,SOLUSDT,usdm_futures,1779240300000,1779240300000,history_downloader,{},9666630.62,813629911.4274695,
binance,SOLUSDT,usdm_futures,1779240600000,1779240600000,history_downloader,{},9691651.28,812451126.8024,
binance,SOLUSDT,usdm_futures,1779240900000,1779240900000,history_downloader,{},9696446.48,813819012.7591348,
binance,SOLUSDT,usdm_futures,1779241200000,1779241200000,history_downloader,{},9701736.41,815098155.8130773,
binance,SOLUSDT,usdm_futures,1779241500000,1779241500000,history_downloader,{},9707843.85,814996223.4829729,
binance,SOLUSDT,usdm_futures,1779241800000,1779241800000,history_downloader,{},9704884.48,816568980.1472,
binance,SOLUSDT,usdm_futures,1779242100000,1779242100000,history_downloader,{},9701407.56,817634629.1568,
binance,SOLUSDT,usdm_futures,1779242400000,1779242400000,history_downloader,{},9700966.83,818027192.0564636,
binance,SOLUSDT,usdm_futures,1779242700000,1779242700000,history_downloader,{},9700356.84,817837085.1804,
binance,SOLUSDT,usdm_futures,1779243000000,1779243000000,history_downloader,{},9700608.13,817831412.784534,
binance,SOLUSDT,usdm_futures,1779243300000,1779243300000,history_downloader,{},9709309.04,818009286.62,
binance,SOLUSDT,usdm_futures,1779243600000,1779243600000,history_downloader,{},9708970.9,818065704.6347765,
binance,SOLUSDT,usdm_futures,1779243900000,1779243900000,history_downloader,{},9702995.65,818835802.9035,
binance,SOLUSDT,usdm_futures,1779244200000,1779244200000,history_downloader,{},9706103.77,817545120.5471,
binance,SOLUSDT,usdm_futures,1779244500000,1779244500000,history_downloader,{},9704012.51,816999245.6975424,
binance,SOLUSDT,usdm_futures,1779244800000,1779244800000,history_downloader,{},9698839.36,815381424.9952,
binance,SOLUSDT,usdm_futures,1779245100000,1779245100000,history_downloader,{},9695384.88,814897099.164,
binance,SOLUSDT,usdm_futures,1779245400000,1779245400000,history_downloader,{},9697036.73,814945279.3661705,
binance,SOLUSDT,usdm_futures,1779245700000,1779245700000,history_downloader,{},9715997.24,815657968.298,
binance,SOLUSDT,usdm_futures,1779246000000,1779246000000,history_downloader,{},9724881.2,816403776.74,
binance,SOLUSDT,usdm_futures,1779246300000,1779246300000,history_downloader,{},9724284.33,815582460.4350271,
binance,SOLUSDT,usdm_futures,1779246600000,1779246600000,history_downloader,{},9724493.65,816609735.8049808,
binance,SOLUSDT,usdm_futures,1779246900000,1779246900000,history_downloader,{},9722990.1,816400361.4549193,
binance,SOLUSDT,usdm_futures,1779247200000,1779247200000,history_downloader,{},9723088.36,817303269.481695,
binance,SOLUSDT,usdm_futures,1779247500000,1779247500000,history_downloader,{},9722149.54,816848979.7291731,
binance,SOLUSDT,usdm_futures,1779247800000,1779247800000,history_downloader,{},9715346.79,818066680.0666785,
binance,SOLUSDT,usdm_futures,1779248100000,1779248100000,history_downloader,{},9706765.95,816921422.352,
binance,SOLUSDT,usdm_futures,1779248400000,1779248400000,history_downloader,{},9706064.31,816959432.9727,
binance,SOLUSDT,usdm_futures,1779248700000,1779248700000,history_downloader,{},9704308.52,816136808.1848851,
binance,SOLUSDT,usdm_futures,1779249000000,1779249000000,history_downloader,{},9703977.36,815148449.4521177,
binance,SOLUSDT,usdm_futures,1779249300000,1779249300000,history_downloader,{},9705592.12,815657961.7648,
binance,SOLUSDT,usdm_futures,1779249600000,1779249600000,history_downloader,{},9707230.12,815795619.2848,
binance,SOLUSDT,usdm_futures,1779249900000,1779249900000,history_downloader,{},9709518.93,816324629.8038214,
binance,SOLUSDT,usdm_futures,1779250200000,1779250200000,history_downloader,{},9712618.13,817219689.4582,
binance,SOLUSDT,usdm_futures,1779250500000,1779250500000,history_downloader,{},9711367.0,817181488.119889,
binance,SOLUSDT,usdm_futures,1779250800000,1779250800000,history_downloader,{},9713049.59,816673209.5272,
binance,SOLUSDT,usdm_futures,1779251100000,1779251100000,history_downloader,{},9713182.06,816399602.7587565,
binance,SOLUSDT,usdm_futures,1779251400000,1779251400000,history_downloader,{},9712711.91,816438963.4570202,
binance,SOLUSDT,usdm_futures,1779251700000,1779251700000,history_downloader,{},9712225.6,815924072.656,
binance,SOLUSDT,usdm_futures,1779252000000,1779252000000,history_downloader,{},9724034.42,816624410.5916,
binance,SOLUSDT,usdm_futures,1779252300000,1779252300000,history_downloader,{},9727397.39,816672498.1554173,
binance,SOLUSDT,usdm_futures,1779252600000,1779252600000,history_downloader,{},9728603.6,817499290.4577843,
binance,SOLUSDT,usdm_futures,1779252900000,1779252900000,history_downloader,{},9725326.61,818153710.8140619,
binance,SOLUSDT,usdm_futures,1779253200000,1779253200000,history_downloader,{},9722724.58,818458955.1444,
binance,SOLUSDT,usdm_futures,1779253500000,1779253500000,history_downloader,{},9714037.34,819087628.5088,
binance,SOLUSDT,usdm_futures,1779253800000,1779253800000,history_downloader,{},9701867.62,820702614.8121444,
binance,SOLUSDT,usdm_futures,1779254100000,1779254100000,history_downloader,{},9697455.09,821762344.3266,
binance,SOLUSDT,usdm_futures,1779254400000,1779254400000,history_downloader,{},9692101.34,820630220.4578,
binance,SOLUSDT,usdm_futures,1779254700000,1779254700000,history_downloader,{},9689133.62,820282052.2692,
binance,SOLUSDT,usdm_futures,1779255000000,1779255000000,history_downloader,{},9685201.8,820046036.406,
binance,SOLUSDT,usdm_futures,1779255300000,1779255300000,history_downloader,{},9686271.74,820995296.1649685,
binance,SOLUSDT,usdm_futures,1779255600000,1779255600000,history_downloader,{},9690674.44,822544446.4672,
binance,SOLUSDT,usdm_futures,1779255900000,1779255900000,history_downloader,{},9688898.32,821142391.0493721,
binance,SOLUSDT,usdm_futures,1779256200000,1779256200000,history_downloader,{},9687367.15,820423123.9335,
binance,SOLUSDT,usdm_futures,1779256500000,1779256500000,history_downloader,{},9687080.22,820714309.3667977,
binance,SOLUSDT,usdm_futures,1779256800000,1779256800000,history_downloader,{},9685972.01,820692408.4073,
binance,SOLUSDT,usdm_futures,1779257100000,1779257100000,history_downloader,{},9690495.8,821269519.05,
binance,SOLUSDT,usdm_futures,1779257400000,1779257400000,history_downloader,{},9687224.71,821670399.9022,
binance,SOLUSDT,usdm_futures,1779257700000,1779257700000,history_downloader,{},9685548.68,821548926.4010257,
binance,SOLUSDT,usdm_futures,1779258000000,1779258000000,history_downloader,{},9689046.07,822696901.8037,
binance,SOLUSDT,usdm_futures,1779258300000,1779258300000,history_downloader,{},9690164.13,822985639.5609,
binance,SOLUSDT,usdm_futures,1779258600000,1779258600000,history_downloader,{},9690679.21,821866503.8001,
binance,SOLUSDT,usdm_futures,1779258900000,1779258900000,history_downloader,{},9690254.63,821636690.0777,
binance,SOLUSDT,usdm_futures,1779259200000,1779259200000,history_downloader,{},9690262.24,821968140.4360203,
binance,SOLUSDT,usdm_futures,1779259500000,1779259500000,history_downloader,{},9696461.53,823054663.0277957,
binance,SOLUSDT,usdm_futures,1779259800000,1779259800000,history_downloader,{},9693969.91,823239881.3909029,
binance,SOLUSDT,usdm_futures,1779260100000,1779260100000,history_downloader,{},9696222.66,823403228.2872,
binance,SOLUSDT,usdm_futures,1779260400000,1779260400000,history_downloader,{},9698656.95,823803921.333,
binance,SOLUSDT,usdm_futures,1779260700000,1779260700000,history_downloader,{},9703409.68,823043209.0576,
binance,SOLUSDT,usdm_futures,1779261000000,1779261000000,history_downloader,{},9701397.68,823357621.1016,
binance,SOLUSDT,usdm_futures,1779261300000,1779261300000,history_downloader,{},9703708.67,823287022.57824,
binance,SOLUSDT,usdm_futures,1779261600000,1779261600000,history_downloader,{},9715785.69,824384415.7965,
binance,SOLUSDT,usdm_futures,1779261900000,1779261900000,history_downloader,{},9702691.22,825450058.0720441,
binance,SOLUSDT,usdm_futures,1779262200000,1779262200000,history_downloader,{},9699302.19,824195706.2189221,
binance,SOLUSDT,usdm_futures,1779262500000,1779262500000,history_downloader,{},9703109.26,823896737.4377735,
binance,SOLUSDT,usdm_futures,1779262800000,1779262800000,history_downloader,{},9703975.67,823673454.8696,
binance,SOLUSDT,usdm_futures,1779263100000,1779263100000,history_downloader,{},9700765.6,823042361.9569623,
binance,SOLUSDT,usdm_futures,1779263400000,1779263400000,history_downloader,{},9698930.8,821693417.376,
binance,SOLUSDT,usdm_futures,1779263700000,1779263700000,history_downloader,{},9698930.64,822081361.0464,
binance,SOLUSDT,usdm_futures,1779264000000,1779264000000,history_downloader,{},9696886.39,821430584.7005199,
binance,SOLUSDT,usdm_futures,1779264300000,1779264300000,history_downloader,{},9695732.54,822101162.0666,
binance,SOLUSDT,usdm_futures,1779264600000,1779264600000,history_downloader,{},9697347.34,821254242.4996022,
binance,SOLUSDT,usdm_futures,1779264900000,1779264900000,history_downloader,{},9694102.3,821760792.3050174,
binance,SOLUSDT,usdm_futures,1779265200000,1779265200000,history_downloader,{},9697221.79,822615324.4457,
binance,SOLUSDT,usdm_futures,1779265500000,1779265500000,history_downloader,{},9697386.28,822241382.6812,
binance,SOLUSDT,usdm_futures,1779265800000,1779265800000,history_downloader,{},9696106.19,822423727.0358,
binance,SOLUSDT,usdm_futures,1779266100000,1779266100000,history_downloader,{},9697068.25,823480446.1722594,
binance,SOLUSDT,usdm_futures,1779266400000,1779266400000,history_downloader,{},9703020.69,825727060.719,
binance,SOLUSDT,usdm_futures,1779266700000,1779266700000,history_downloader,{},9691854.39,824166509.8043425,
binance,SOLUSDT,usdm_futures,1779267000000,1779267000000,history_downloader,{},9689840.87,823151981.9065,
binance,SOLUSDT,usdm_futures,1779267300000,1779267300000,history_downloader,{},9693244.26,823634964.7722,
binance,SOLUSDT,usdm_futures,1779267600000,1779267600000,history_downloader,{},9693294.47,823269975.8226222,
binance,SOLUSDT,usdm_futures,1779267900000,1779267900000,history_downloader,{},9692927.19,823898811.15,
binance,SOLUSDT,usdm_futures,1779268200000,1779268200000,history_downloader,{},9695543.97,823248638.4927,
binance,SOLUSDT,usdm_futures,1779268500000,1779268500000,history_downloader,{},9697661.05,823525376.366,
binance,SOLUSDT,usdm_futures,1779268800000,1779268800000,history_downloader,{},9698597.72,823507190.4624745,
binance,SOLUSDT,usdm_futures,1779269100000,1779269100000,history_downloader,{},9696734.49,823446692.8908,
binance,SOLUSDT,usdm_futures,1779269400000,1779269400000,history_downloader,{},9699614.44,824273235.1112,
binance,SOLUSDT,usdm_futures,1779269700000,1779269700000,history_downloader,{},9704452.78,824490308.1888,
binance,SOLUSDT,usdm_futures,1779270000000,1779270000000,history_downloader,{},9704086.68,824653286.0664,
binance,SOLUSDT,usdm_futures,1779270300000,1779270300000,history_downloader,{},9701060.53,823814060.2076,
binance,SOLUSDT,usdm_futures,1779270600000,1779270600000,history_downloader,{},9700459.87,823278029.1669,
binance,SOLUSDT,usdm_futures,1779270900000,1779270900000,history_downloader,{},9699385.17,823089825.5262,
binance,SOLUSDT,usdm_futures,1779271200000,1779271200000,history_downloader,{},9698142.98,822790450.4232,
binance,SOLUSDT,usdm_futures,1779271500000,1779271500000,history_downloader,{},9695391.84,823082813.3645208,
binance,SOLUSDT,usdm_futures,1779271800000,1779271800000,history_downloader,{},9698100.52,823562696.1584,
binance,SOLUSDT,usdm_futures,1779272100000,1779272100000,history_downloader,{},9701437.41,823749050.4831,
binance,SOLUSDT,usdm_futures,1779272400000,1779272400000,history_downloader,{},9703721.6,824022902.2759521,
binance,SOLUSDT,usdm_futures,1779272700000,1779272700000,history_downloader,{},9706077.07,824877861.2029898,
binance,SOLUSDT,usdm_futures,1779273000000,1779273000000,history_downloader,{},9708070.62,825088921.9938,
binance,SOLUSDT,usdm_futures,1779273300000,1779273300000,history_downloader,{},9711615.24,826361340.7716,
binance,SOLUSDT,usdm_futures,1779273600000,1779273600000,history_downloader,{},9703917.52,825025770.1366276,
binance,SOLUSDT,usdm_futures,1779273900000,1779273900000,history_downloader,{},9701900.27,824661522.95,
binance,SOLUSDT,usdm_futures,1779274200000,1779274200000,history_downloader,{},9703984.63,824450534.1648,
binance,SOLUSDT,usdm_futures,1779274500000,1779274500000,history_downloader,{},9702526.25,824714731.25,
binance,SOLUSDT,usdm_futures,1779274800000,1779274800000,history_downloader,{},9702411.26,823863114.0947226,
binance,SOLUSDT,usdm_futures,1779275100000,1779275100000,history_downloader,{},9701016.07,823713274.5037,
binance,SOLUSDT,usdm_futures,1779275400000,1779275400000,history_downloader,{},9699695.24,823892113.6856,
binance,SOLUSDT,usdm_futures,1779275700000,1779275700000,history_downloader,{},9696436.93,823227495.357,
binance,SOLUSDT,usdm_futures,1779276000000,1779276000000,history_downloader,{},9697917.47,823128623.4740851,
binance,SOLUSDT,usdm_futures,1779276300000,1779276300000,history_downloader,{},9702694.95,823370693.457,
binance,SOLUSDT,usdm_futures,1779276600000,1779276600000,history_downloader,{},9700830.74,822362971.8575294,
binance,SOLUSDT,usdm_futures,1779276900000,1779276900000,history_downloader,{},9699953.38,823041044.293,
binance,SOLUSDT,usdm_futures,1779277200000,1779277200000,history_downloader,{},9698043.63,822552984.812399,
binance,SOLUSDT,usdm_futures,1779277500000,1779277500000,history_downloader,{},9703846.69,822109891.5768,
binance,SOLUSDT,usdm_futures,1779277800000,1779277800000,history_downloader,{},9715047.67,822087333.8354,
binance,SOLUSDT,usdm_futures,1779278100000,1779278100000,history_downloader,{},9707705.92,821757306.128,
binance,SOLUSDT,usdm_futures,1779278400000,1779278400000,history_downloader,{},9708867.97,821924861.5779599,
binance,SOLUSDT,usdm_futures,1779278700000,1779278700000,history_downloader,{},9702370.21,822375717.4411223,
