exchange,market_type,symbol,timeframe,open_time_ms,close_time_ms,open,high,low,close
binance,usdm_futures,BTCUSDT,15m,1778840100000,1778840999999,80551.20000000,80551.20000000,80452.59850000,80467.30000000
binance,usdm_futures,BTCUSDT,15m,1778841000000,1778841899999,80467.20000000,80533.12539855,80404.86885507,80474.60000000
binance,usdm_futures,BTCUSDT,15m,1778841900000,1778842799999,80479.90000000,80730.00000000,80479.90000000,80670.10000000
binance,usdm_futures,BTCUSDT,15m,1778842800000,1778843699999,80671.16384058,80716.90000000,80551.04206897,80634.79773188
binance,usdm_futures,BTCUSDT,15m,1778843700000,1778844599999,80634.79773188,80675.80000000,80548.42928261,80587.22004348
binance,usdm_futures,BTCUSDT,15m,1778844600000,1778845499999,80587.39026087,80611.90000000,80545.00000000,80604.90000000
binance,usdm_futures,BTCUSDT,15m,1778845500000,1778846399999,80604.80000000,80666.90665942,80546.30000000,80582.77227536
binance,usdm_futures,BTCUSDT,15m,1778846400000,1778847299999,80582.29450000,80596.70000000,80350.00000000,80379.10000000
binance,usdm_futures,BTCUSDT,15m,1778847300000,1778848199999,80379.10000000,80541.20000000,80338.47863768,80497.80921014
binance,usdm_futures,BTCUSDT,15m,1778848200000,1778849099999,80497.81073188,80530.10000000,80357.53252899,80377.41367391
binance,usdm_futures,BTCUSDT,15m,1778849100000,1778849999999,80375.39410870,80408.01847826,80306.90000000,80349.90000000
binance,usdm_futures,BTCUSDT,15m,1778850000000,1778850899999,80349.90000000,80349.90000000,80038.81422789,80107.90000000
binance,usdm_futures,BTCUSDT,15m,1778850900000,1778851799999,80107.90000000,80172.30000000,79972.36576087,79974.10000000
binance,usdm_futures,BTCUSDT,15m,1778851800000,1778852699999,79974.10000000,79975.30000000,79064.27851574,79117.90000000
binance,usdm_futures,BTCUSDT,15m,1778852700000,1778853599999,79117.90000000,79251.02444203,78663.57094453,78722.10000000
binance,usdm_futures,BTCUSDT,15m,1778853600000,1778854499999,78722.20000000,79306.85196204,78627.98440580,79226.20000000
binance,usdm_futures,BTCUSDT,15m,1778854500000,1778855399999,79226.10000000,79285.80000000,78985.30000000,79053.60000000
binance,usdm_futures,BTCUSDT,15m,1778855400000,1778856299999,79044.00000000,79257.90000000,78972.81751449,79191.40000000
binance,usdm_futures,BTCUSDT,15m,1778856300000,1778857199999,79193.56834783,79304.51341079,78934.96164918,79121.08421014
binance,usdm_futures,BTCUSDT,15m,1778857200000,1778858099999,79120.60000000,79291.70000000,79049.68635682,79201.66917391
binance,usdm_futures,BTCUSDT,15m,1778858100000,1778858999999,79201.66917391,79337.90000000,79079.64799275,79098.90000000
binance,usdm_futures,BTCUSDT,15m,1778859000000,1778859899999,79106.60000000,79191.00000000,79039.32995652,79054.50000000
binance,usdm_futures,BTCUSDT,15m,1778859900000,1778860799999,79057.10000000,79210.00000000,78985.24321014,79118.00000000
binance,usdm_futures,BTCUSDT,15m,1778860800000,1778861699999,79118.00000000,79219.50915217,79099.00000000,79169.80000000
binance,usdm_futures,BTCUSDT,15m,1778861700000,1778862599999,79167.04747826,79290.80483508,79109.27816667,79285.39858696
binance,usdm_futures,BTCUSDT,15m,1778862600000,1778863499999,79285.39206522,79360.20000000,79225.83646927,79243.85950725
binance,usdm_futures,BTCUSDT,15m,1778863500000,1778864399999,79244.75102899,79307.70000000,79112.10000000,79264.60000000
binance,usdm_futures,BTCUSDT,15m,1778864400000,1778865299999,79264.60000000,79324.46931884,79194.00000000,79226.16750000
binance,usdm_futures,BTCUSDT,15m,1778865300000,1778866199999,79226.16750000,79421.30000000,79195.88378261,79342.98664493
binance,usdm_futures,BTCUSDT,15m,1778866200000,1778867099999,79344.67215217,79459.60000000,79339.80000000,79371.15344078
binance,usdm_futures,BTCUSDT,15m,1778867100000,1778867999999,79371.16648426,79475.70000000,79340.94215942,79432.10000000
binance,usdm_futures,BTCUSDT,15m,1778868000000,1778868899999,79432.10000000,79533.61481884,79394.70000000,79446.40000000
binance,usdm_futures,BTCUSDT,15m,1778868900000,1778869799999,79446.40000000,79457.20000000,79181.23518741,79251.20000000
binance,usdm_futures,BTCUSDT,15m,1778869800000,1778870699999,79251.10000000,79292.31348551,79138.38142429,79258.80000000
binance,usdm_futures,BTCUSDT,15m,1778870700000,1778871599999,79258.80000000,79309.44771364,79172.30000000,79262.46539730
binance,usdm_futures,BTCUSDT,15m,1778871600000,1778872499999,79259.59257121,79259.59257121,79023.30000000,79045.47728261
binance,usdm_futures,BTCUSDT,15m,1778872500000,1778873399999,79045.44750000,79133.00000000,79045.44750000,79091.10000000
binance,usdm_futures,BTCUSDT,15m,1778873400000,1778874299999,79091.00000000,79162.20624438,79052.42794203,79091.62079710
binance,usdm_futures,BTCUSDT,15m,1778874300000,1778875199999,79096.27057971,79156.60000000,79076.22200725,79119.00000000
binance,usdm_futures,BTCUSDT,15m,1778875200000,1778876099999,79119.20000000,79185.00000000,79048.90000000,79111.29332084
binance,usdm_futures,BTCUSDT,15m,1778876100000,1778876999999,79111.28897301,79140.30000000,79035.28189855,79140.00000000
binance,usdm_futures,BTCUSDT,15m,1778877000000,1778877899999,79140.10000000,79163.70000000,79042.67414543,79054.06685507
binance,usdm_futures,BTCUSDT,15m,1778877900000,1778878799999,79053.48783333,79088.11356072,78963.23717391,79082.83576087
binance,usdm_futures,BTCUSDT,15m,1778878800000,1778879699999,79082.83510870,79155.90000000,79066.10000000,79151.05039130
binance,usdm_futures,BTCUSDT,15m,1778879700000,1778880599999,79151.05039130,79167.90000000,79077.00000000,79088.79015742
binance,usdm_futures,BTCUSDT,15m,1778880600000,1778881499999,79088.77711394,79109.00000000,79040.05234970,79096.61162319
binance,usdm_futures,BTCUSDT,15m,1778881500000,1778882399999,79097.42633333,79117.52014993,78888.83507246,78931.40000000
binance,usdm_futures,BTCUSDT,15m,1778882400000,1778883299999,78931.30000000,79059.24841304,78931.30000000,79030.03281159
binance,usdm_futures,BTCUSDT,15m,1778883300000,1778884199999,79030.03281159,79056.13562969,78958.20000000,79045.81155072
binance,usdm_futures,BTCUSDT,15m,1778884200000,1778885099999,79045.90000000,79114.74424288,79015.30000000,79091.35212319
binance,usdm_futures,BTCUSDT,15m,1778885100000,1778885999999,79091.16560145,79113.70000000,79051.54259420,79070.10000000
binance,usdm_futures,BTCUSDT,15m,1778886000000,1778886899999,79070.00000000,79115.34705072,79057.67625362,79078.20013768
binance,usdm_futures,BTCUSDT,15m,1778886900000,1778887799999,79074.01303623,79135.20000000,79042.07052474,79077.90000000
binance,usdm_futures,BTCUSDT,15m,1778887800000,1778888699999,79075.60000000,79100.96881884,79035.10000000,79099.10000000
binance,usdm_futures,BTCUSDT,15m,1778888700000,1778889599999,79099.10000000,79099.83809595,79063.71051449,79074.10000000
binance,usdm_futures,BTCUSDT,15m,1778889600000,1778890499999,79074.00000000,79164.80000000,79041.99206522,79140.94916667
binance,usdm_futures,BTCUSDT,15m,1778890500000,1778891399999,79145.50000000,79176.00000000,79118.60000000,79146.08901049
binance,usdm_futures,BTCUSDT,15m,1778891400000,1778892299999,79146.09335832,79200.16764093,79125.28202174,79125.28202174
binance,usdm_futures,BTCUSDT,15m,1778892300000,1778893199999,79124.90571739,79142.83757246,79031.70000000,79068.88218116
binance,usdm_futures,BTCUSDT,15m,1778893200000,1778894099999,79069.45493478,79110.29112444,79053.40000000,79084.62548726
binance,usdm_futures,BTCUSDT,15m,1778894100000,1778894999999,79098.00000000,79123.60000000,78989.09406522,79001.04994203
binance,usdm_futures,BTCUSDT,15m,1778895000000,1778895899999,78999.71776812,79035.52229710,78970.50000000,78991.80348333
binance,usdm_futures,BTCUSDT,15m,1778895900000,1778896799999,78990.11150000,79156.39656672,78990.11150000,79129.38952774
binance,usdm_futures,BTCUSDT,15m,1778896800000,1778897699999,79129.38952774,79178.00000000,79070.80000000,79159.50000000
binance,usdm_futures,BTCUSDT,15m,1778897700000,1778898599999,79159.40000000,79178.00000000,79104.64360870,79110.70000000
binance,usdm_futures,BTCUSDT,15m,1778898600000,1778899499999,79110.00000000,79114.49911544,79040.70000000,79057.90000000
binance,usdm_futures,BTCUSDT,15m,1778899500000,1778900399999,79052.80000000,79121.64703898,79040.80000000,79121.64703898
binance,usdm_futures,BTCUSDT,15m,1778900400000,1778901299999,79121.64703898,79153.70000000,79099.78539730,79136.20954348
binance,usdm_futures,BTCUSDT,15m,1778901300000,1778902199999,79132.31261594,79152.71787856,79115.50000000,79147.41383333
binance,usdm_futures,BTCUSDT,15m,1778902200000,1778903099999,79147.41383333,79147.48405072,79037.30374638,79037.30374638
binance,usdm_futures,BTCUSDT,15m,1778903100000,1778903999999,79037.30374638,79097.39915942,79017.60000000,79056.72271739
binance,usdm_futures,BTCUSDT,15m,1778904000000,1778904899999,79056.40532609,79094.10000000,79010.20000000,79046.02086232
binance,usdm_futures,BTCUSDT,15m,1778904900000,1778905799999,79045.77303623,79064.27023333,79003.30000000,79006.00000000
binance,usdm_futures,BTCUSDT,15m,1778905800000,1778906699999,79006.00000000,79014.95073188,78827.85829710,78959.49621739
binance,usdm_futures,BTCUSDT,15m,1778906700000,1778907599999,78957.80218116,79002.03355322,78928.79676812,79001.87575362
binance,usdm_futures,BTCUSDT,15m,1778907600000,1778908499999,79001.88510145,79002.10684058,78900.10000000,78999.90000000
binance,usdm_futures,BTCUSDT,15m,1778908500000,1778909399999,78999.90000000,79000.00000000,78978.80000000,78992.74925833
binance,usdm_futures,BTCUSDT,15m,1778909400000,1778910299999,78992.74925833,79001.97436957,78902.10000000,78968.87544203
binance,usdm_futures,BTCUSDT,15m,1778910300000,1778911199999,78968.87913768,78990.00000000,78924.80000000,78990.00000000
binance,usdm_futures,BTCUSDT,15m,1778911200000,1778912099999,78990.00000000,79012.80000000,78877.96218841,78897.30000000
binance,usdm_futures,BTCUSDT,15m,1778912100000,1778912999999,78897.30000000,78897.30000000,78753.60000000,78788.02368841
binance,usdm_futures,BTCUSDT,15m,1778913000000,1778913899999,78788.02434058,78865.70000000,78696.10000000,78706.51097826
binance,usdm_futures,BTCUSDT,15m,1778913900000,1778914799999,78706.40973188,78746.47101449,78411.67547101,78610.20000000
binance,usdm_futures,BTCUSDT,15m,1778914800000,1778915699999,78610.30000000,78610.30000000,78083.30000000,78219.70000000
binance,usdm_futures,BTCUSDT,15m,1778915700000,1778916599999,78219.80000000,78482.20000000,78019.30000000,78431.38512319
binance,usdm_futures,BTCUSDT,15m,1778916600000,1778917499999,78430.55718141,78529.24871739,78315.10000000,78462.50752174
binance,usdm_futures,BTCUSDT,15m,1778917500000,1778918399999,78460.96248126,78481.60000000,78303.56157246,78338.71647101
binance,usdm_futures,BTCUSDT,15m,1778918400000,1778919299999,78335.57299275,78439.59165667,78295.95543478,78383.50000000
binance,usdm_futures,BTCUSDT,15m,1778919300000,1778920199999,78383.50000000,78400.80000000,78334.81705797,78372.70000000
binance,usdm_futures,BTCUSDT,15m,1778920200000,1778921099999,78372.70000000,78505.39353093,78359.58842241,78432.30000000
binance,usdm_futures,BTCUSDT,15m,1778921100000,1778921999999,78436.70000000,78437.06048551,78342.53856072,78394.31288406
binance,usdm_futures,BTCUSDT,15m,1778922000000,1778922899999,78394.29549275,78410.10000000,78209.60000000,78230.02571214
binance,usdm_futures,BTCUSDT,15m,1778922900000,1778923799999,78229.02353823,78239.90000000,77885.42181884,78025.40000000
binance,usdm_futures,BTCUSDT,15m,1778923800000,1778924699999,78025.30000000,78157.59610870,77999.97621739,78088.30477536
binance,usdm_futures,BTCUSDT,15m,1778924700000,1778925599999,78088.31716667,78177.80553623,77982.16086957,78055.48665942
binance,usdm_futures,BTCUSDT,15m,1778925600000,1778926499999,78054.05937681,78073.40271739,77784.34035232,77884.81722464
binance,usdm_futures,BTCUSDT,15m,1778926500000,1778927399999,77884.81722464,77930.50000000,77616.29431159,77750.00000000
binance,usdm_futures,BTCUSDT,15m,1778927400000,1778928299999,77750.00000000,77954.80000000,77735.07259420,77870.80000000
binance,usdm_futures,BTCUSDT,15m,1778928300000,1778929199999,77870.80000000,77962.00000000,77850.00000000,77937.60000000
binance,usdm_futures,BTCUSDT,15m,1778929200000,1778930099999,77937.60000000,78083.88732384,77937.60000000,78052.83139130
binance,usdm_futures,BTCUSDT,15m,1778930100000,1778930999999,78052.84342754,78129.20000000,78034.61294203,78108.16029710
binance,usdm_futures,BTCUSDT,15m,1778931000000,1778931899999,78107.06949775,78163.61088406,78069.94561469,78136.08813043
binance,usdm_futures,BTCUSDT,15m,1778931900000,1778932799999,78136.07073913,78136.30000000,78041.70291604,78042.50000000
binance,usdm_futures,BTCUSDT,15m,1778932800000,1778933699999,78042.60000000,78100.00000000,78004.11012744,78040.00000000
binance,usdm_futures,BTCUSDT,15m,1778933700000,1778934599999,78044.50000000,78044.50000000,77892.02923188,77951.89412319
binance,usdm_futures,BTCUSDT,15m,1778934600000,1778935499999,77953.58629710,78051.40000000,77953.58629710,78032.46615442
binance,usdm_futures,BTCUSDT,15m,1778935500000,1778936399999,78032.44941529,78092.12708696,77980.00000000,77980.00000000
binance,usdm_futures,BTCUSDT,15m,1778936400000,1778937299999,77980.00000000,77982.50121014,77859.66665942,77875.60000000
binance,usdm_futures,BTCUSDT,15m,1778937300000,1778938199999,77875.60000000,77960.38605072,77837.28156522,77942.89076087
binance,usdm_futures,BTCUSDT,15m,1778938200000,1778939099999,77942.02336957,77952.23137931,77800.00000000,77877.41430285
binance,usdm_futures,BTCUSDT,15m,1778939100000,1778939999999,77877.49169415,77984.60000000,77859.90000000,77984.60000000
binance,usdm_futures,BTCUSDT,15m,1778940000000,1778940899999,77984.70000000,78018.90000000,77856.24751874,77930.43244928
binance,usdm_futures,BTCUSDT,15m,1778940900000,1778941799999,77930.40000000,78025.28566717,77870.76934783,77960.50000000
binance,usdm_futures,BTCUSDT,15m,1778941800000,1778942699999,77963.50000000,78196.50000000,77963.50000000,78189.90000000
binance,usdm_futures,BTCUSDT,15m,1778942700000,1778943599999,78189.90000000,78300.00000000,78065.45221014,78093.68730135
binance,usdm_futures,BTCUSDT,15m,1778943600000,1778944499999,78092.65251874,78196.70000000,78034.00000000,78090.10000000
binance,usdm_futures,BTCUSDT,15m,1778944500000,1778945399999,78090.20000000,78163.74422464,78050.00000000,78096.41567391
binance,usdm_futures,BTCUSDT,15m,1778945400000,1778946299999,78095.15697826,78199.80000000,78095.15697826,78181.20000000
binance,usdm_futures,BTCUSDT,15m,1778946300000,1778947199999,78181.30000000,78250.29683986,78174.00000000,78194.10000000
binance,usdm_futures,BTCUSDT,15m,1778947200000,1778948099999,78194.10000000,78337.40000000,78144.90000000,78204.10000000
binance,usdm_futures,BTCUSDT,15m,1778948100000,1778948999999,78204.10000000,78308.21652899,78176.55405072,78246.00000000
binance,usdm_futures,BTCUSDT,15m,1778949000000,1778949899999,78246.00000000,78276.20000000,78090.90000000,78104.00000000
binance,usdm_futures,BTCUSDT,15m,1778949900000,1778950799999,78103.90000000,78186.62670290,78103.90000000,78163.00000000
binance,usdm_futures,BTCUSDT,15m,1778950800000,1778951699999,78163.20000000,78239.60000000,78160.83004498,78227.93053333
binance,usdm_futures,BTCUSDT,15m,1778951700000,1778952599999,78227.92978333,78282.62129685,78185.29050225,78252.25897826
binance,usdm_futures,BTCUSDT,15m,1778952600000,1778953499999,78252.14810870,78287.49642029,78226.71404048,78237.20044167
binance,usdm_futures,BTCUSDT,15m,1778953500000,1778954399999,78234.48044167,78260.79897101,78164.28697901,78164.28697901
binance,usdm_futures,BTCUSDT,15m,1778954400000,1778955299999,78164.28697901,78211.70000000,78135.30000000,78160.40000000
binance,usdm_futures,BTCUSDT,15m,1778955300000,1778956199999,78160.41466667,78184.26541304,78113.10000000,78171.70000000
binance,usdm_futures,BTCUSDT,15m,1778956200000,1778957099999,78171.70000000,78242.42221014,78154.30000000,78218.10000000
binance,usdm_futures,BTCUSDT,15m,1778957100000,1778957999999,78218.00000000,78293.10000000,78189.60000000,78200.00000000
binance,usdm_futures,BTCUSDT,15m,1778958000000,1778958899999,78200.00000000,78235.00000000,78166.80000000,78210.78676087
binance,usdm_futures,BTCUSDT,15m,1778958900000,1778959799999,78210.79110870,78263.50000000,78186.20000000,78247.36984058
binance,usdm_futures,BTCUSDT,15m,1778959800000,1778960699999,78247.36984058,78267.38604948,78220.12690405,78227.80446027
binance,usdm_futures,BTCUSDT,15m,1778960700000,1778961599999,78227.81380810,78270.99616667,78186.20000000,78223.85905072
binance,usdm_futures,BTCUSDT,15m,1778961600000,1778962499999,78223.84600725,78267.34700000,78218.50000000,78257.40000000
binance,usdm_futures,BTCUSDT,15m,1778962500000,1778963399999,78257.40000000,78287.80000000,78240.68118841,78240.68118841
binance,usdm_futures,BTCUSDT,15m,1778963400000,1778964299999,78239.50000000,78243.31844928,78160.00000000,78192.60000000
binance,usdm_futures,BTCUSDT,15m,1778964300000,1778965199999,78192.50000000,78234.26755072,78173.77721014,78227.93547976
binance,usdm_futures,BTCUSDT,15m,1778965200000,1778966099999,78228.17488406,78276.09237519,78207.70000000,78268.40000000
binance,usdm_futures,BTCUSDT,15m,1778966100000,1778966999999,78268.30000000,78268.30000000,78205.62737681,78234.01091229
binance,usdm_futures,BTCUSDT,15m,1778967000000,1778967899999,78232.38070435,78253.70000000,78174.41610870,78252.20000000
binance,usdm_futures,BTCUSDT,15m,1778967900000,1778968799999,78252.30000000,78274.00000000,78215.34506341,78231.01578986
binance,usdm_futures,BTCUSDT,15m,1778968800000,1778969699999,78230.94622464,78242.80000000,78135.46573463,78207.64625362
binance,usdm_futures,BTCUSDT,15m,1778969700000,1778970599999,78207.64038406,78246.90000000,78205.82980510,78234.75284108
binance,usdm_futures,BTCUSDT,15m,1778970600000,1778971499999,78234.69197151,78237.76348188,78181.38744928,78185.80000000
binance,usdm_futures,BTCUSDT,15m,1778971500000,1778972399999,78185.80440580,78192.12010000,78143.50000000,78143.50000000
binance,usdm_futures,BTCUSDT,15m,1778972400000,1778973299999,78143.50000000,78170.61095290,78117.86367391,78154.00000000
binance,usdm_futures,BTCUSDT,15m,1778973300000,1778974199999,78154.00000000,78240.00000000,78154.00000000,78194.04252899
binance,usdm_futures,BTCUSDT,15m,1778974200000,1778975099999,78194.05405072,78225.60000000,78166.00000000,78184.80000000
binance,usdm_futures,BTCUSDT,15m,1778975100000,1778975999999,78184.80000000,78206.90000000,78094.70000000,78109.17106447
binance,usdm_futures,BTCUSDT,15m,1778976000000,1778976899999,78109.17106447,78213.90000000,78104.90000000,78161.46526987
binance,usdm_futures,BTCUSDT,15m,1778976900000,1778977799999,78161.46026987,78188.88436667,78104.20000000,78164.62236232
binance,usdm_futures,BTCUSDT,15m,1778977800000,1778978699999,78164.62236232,78203.67183583,78087.27147101,78106.40000000
binance,usdm_futures,BTCUSDT,15m,1778978700000,1778979599999,78106.50000000,78123.40000000,77769.40000000,77904.50000000
binance,usdm_futures,BTCUSDT,15m,1778979600000,1778980499999,77908.70000000,78085.30000000,77793.31840330,78018.16020290
binance,usdm_futures,BTCUSDT,15m,1778980500000,1778981399999,78016.98042029,78058.80000000,77888.17104348,77949.90000000
binance,usdm_futures,BTCUSDT,15m,1778981400000,1778982299999,77949.80000000,77970.90000000,77690.16455072,77756.63979010
binance,usdm_futures,BTCUSDT,15m,1778982300000,1778983199999,77756.39631184,77845.98639855,77688.00000000,77702.90000000
binance,usdm_futures,BTCUSDT,15m,1778983200000,1778984099999,77701.58736957,77903.60000000,77692.51967391,77836.50000000
binance,usdm_futures,BTCUSDT,15m,1778984100000,1778984999999,77836.50000000,77901.80000000,77804.50000000,77864.90000000
binance,usdm_futures,BTCUSDT,15m,1778985000000,1778985899999,77864.90000000,77905.00000000,77819.14644928,77880.00775112
binance,usdm_futures,BTCUSDT,15m,1778985900000,1778986799999,77879.73820290,77898.80000000,77815.17046377,77868.29071014
binance,usdm_futures,BTCUSDT,15m,1778986800000,1778987699999,77863.13636232,77988.93438406,77851.20000000,77928.00000000
binance,usdm_futures,BTCUSDT,15m,1778987700000,1778988599999,77928.00000000,77980.05882609,77925.73036957,77968.00000000
binance,usdm_futures,BTCUSDT,15m,1778988600000,1778989499999,77968.00000000,78033.70000000,77942.61149167,77996.41816667
binance,usdm_futures,BTCUSDT,15m,1778989500000,1778990399999,77996.42251449,78050.00000000,77962.35075399,77992.09438531
binance,usdm_futures,BTCUSDT,15m,1778990400000,1778991299999,77992.08134183,78050.00000000,77965.52397826,78011.00000000
binance,usdm_futures,BTCUSDT,15m,1778991300000,1778992199999,78011.00000000,78112.05634183,78011.00000000,78053.50000000
binance,usdm_futures,BTCUSDT,15m,1778992200000,1778993099999,78053.60000000,78163.50000000,78013.86684783,78148.25628986
binance,usdm_futures,BTCUSDT,15m,1778993100000,1778993999999,78148.25628986,78168.35987256,78114.43659670,78124.21654348
binance,usdm_futures,BTCUSDT,15m,1778994000000,1778994899999,78124.21936957,78288.80000000,78108.60000000,78206.68492754
binance,usdm_futures,BTCUSDT,15m,1778994900000,1778995799999,78206.68492754,78218.50000000,78134.20000000,78142.00000000
binance,usdm_futures,BTCUSDT,15m,1778995800000,1778996699999,78142.10000000,78168.92215942,78109.50000000,78113.70000000
binance,usdm_futures,BTCUSDT,15m,1778996700000,1778997599999,78113.60000000,78138.09734058,78064.80000000,78087.64740833
binance,usdm_futures,BTCUSDT,15m,1778997600000,1778998499999,78087.63559167,78172.70000000,78087.63559167,78150.45274638
binance,usdm_futures,BTCUSDT,15m,1778998500000,1778999399999,78150.45644203,78168.20000000,77977.42052174,78047.56151424
binance,usdm_futures,BTCUSDT,15m,1778999400000,1779000299999,78047.64477511,78083.37215142,78001.05256522,78007.65017991
binance,usdm_futures,BTCUSDT,15m,1779000300000,1779001199999,78007.65017991,78071.60000000,78007.63931884,78071.50000000
binance,usdm_futures,BTCUSDT,15m,1779001200000,1779002099999,78071.60000000,78081.23984783,78031.63300000,78057.32668666
binance,usdm_futures,BTCUSDT,15m,1779002100000,1779002999999,78057.31081709,78113.10000000,78015.00000000,78078.92975362
binance,usdm_futures,BTCUSDT,15m,1779003000000,1779003899999,78078.92975362,78175.30000000,78064.70000000,78113.80000000
binance,usdm_futures,BTCUSDT,15m,1779003900000,1779004799999,78113.80000000,78153.10000000,78110.80000000,78139.17401799
binance,usdm_futures,BTCUSDT,15m,1779004800000,1779005699999,78138.66375362,78160.40208696,78101.40000000,78106.10000000
binance,usdm_futures,BTCUSDT,15m,1779005700000,1779006599999,78106.20000000,78111.57658696,78019.34691051,78033.30000000
binance,usdm_futures,BTCUSDT,15m,1779006600000,1779007499999,78033.30000000,78078.10988406,77992.10000000,78064.70000000
binance,usdm_futures,BTCUSDT,15m,1779007500000,1779008399999,78064.70000000,78067.99828986,78035.00000000,78050.81346377
binance,usdm_futures,BTCUSDT,15m,1779008400000,1779009299999,78050.81346377,78104.09666667,78050.80911594,78091.51800600
binance,usdm_futures,BTCUSDT,15m,1779009300000,1779010199999,78091.51800600,78122.28741304,78064.50000000,78095.45963043
binance,usdm_futures,BTCUSDT,15m,1779010200000,1779011099999,78097.98636957,78105.58214493,78053.60000000,78083.67990942
binance,usdm_futures,BTCUSDT,15m,1779011100000,1779011999999,78083.67990942,78265.70000000,78083.65990942,78214.30000000
binance,usdm_futures,BTCUSDT,15m,1779012000000,1779012899999,78214.20000000,78489.60000000,78214.20000000,78406.77947826
binance,usdm_futures,BTCUSDT,15m,1779012900000,1779013799999,78406.71491304,78564.20000000,78363.35055797,78493.54548726
binance,usdm_futures,BTCUSDT,15m,1779013800000,1779014699999,78491.74526987,78501.87404348,78380.31350725,78444.10000000
binance,usdm_futures,BTCUSDT,15m,1779014700000,1779015599999,78442.42739130,78445.33347826,78385.60000000,78426.51749420
binance,usdm_futures,BTCUSDT,15m,1779015600000,1779016499999,78425.99307346,78437.47311594,78317.00000000,78317.10000000
binance,usdm_futures,BTCUSDT,15m,1779016500000,1779017399999,78317.10000000,78343.32092754,78264.32265942,78306.99236232
binance,usdm_futures,BTCUSDT,15m,1779017400000,1779018299999,78306.99236232,78399.40000000,78260.65582609,78368.00000000
binance,usdm_futures,BTCUSDT,15m,1779018300000,1779019199999,78367.90000000,78429.38194203,78339.80000000,78375.06275362
binance,usdm_futures,BTCUSDT,15m,1779019200000,1779020099999,78375.06710145,78418.30000000,78335.70008696,78355.29108696
binance,usdm_futures,BTCUSDT,15m,1779020100000,1779020999999,78355.26934783,78405.16524638,78312.67484058,78393.30000000
binance,usdm_futures,BTCUSDT,15m,1779021000000,1779021899999,78393.20000000,78513.80000000,78379.74950725,78442.30000000
binance,usdm_futures,BTCUSDT,15m,1779021900000,1779022799999,78442.40000000,78462.40000000,78292.90000000,78327.02594928
binance,usdm_futures,BTCUSDT,15m,1779022800000,1779023699999,78327.03247101,78331.20000000,78222.07997500,78223.18521159
binance,usdm_futures,BTCUSDT,15m,1779023700000,1779024599999,78223.19890725,78259.30000000,78145.80000000,78259.30000000
binance,usdm_futures,BTCUSDT,15m,1779024600000,1779025499999,78259.30000000,78312.50000000,78203.43087681,78220.00000000
binance,usdm_futures,BTCUSDT,15m,1779025500000,1779026399999,78220.00000000,78253.50000000,78144.20000000,78165.00000000
binance,usdm_futures,BTCUSDT,15m,1779026400000,1779027299999,78164.90000000,78177.80000000,78022.66353623,78034.20000000
binance,usdm_futures,BTCUSDT,15m,1779027300000,1779028199999,78034.10000000,78087.50000000,77815.25252899,78020.46243628
binance,usdm_futures,BTCUSDT,15m,1779028200000,1779029099999,78019.67656672,78043.30000000,77921.70327586,77969.10000000
binance,usdm_futures,BTCUSDT,15m,1779029100000,1779029999999,77969.20000000,78057.59245652,77969.20000000,78011.44425787
binance,usdm_futures,BTCUSDT,15m,1779030000000,1779030899999,78011.44425787,78087.00000000,77964.60000000,78050.00000000
binance,usdm_futures,BTCUSDT,15m,1779030900000,1779031799999,78050.00000000,78050.00000000,77887.55299100,77950.00000000
binance,usdm_futures,BTCUSDT,15m,1779031800000,1779032699999,77950.10000000,78025.00000000,77945.20510870,77996.40000000
binance,usdm_futures,BTCUSDT,15m,1779032700000,1779033599999,77996.30000000,78034.90000000,77976.60000000,78007.24644203
binance,usdm_futures,BTCUSDT,15m,1779033600000,1779034499999,78007.00000000,78093.50000000,78004.73314493,78021.10000000
binance,usdm_futures,BTCUSDT,15m,1779034500000,1779035399999,78021.20000000,78112.80000000,78002.70000000,78105.40000000
binance,usdm_futures,BTCUSDT,15m,1779035400000,1779036299999,78106.08075712,78158.10000000,78071.90000000,78131.70000000
binance,usdm_futures,BTCUSDT,15m,1779036300000,1779037199999,78131.60000000,78135.78584420,77983.10000000,77995.00000000
binance,usdm_futures,BTCUSDT,15m,1779037200000,1779038099999,77995.10000000,78008.80000000,77847.11308696,77883.68415217
binance,usdm_futures,BTCUSDT,15m,1779038100000,1779038999999,77883.68415217,77950.00000000,77827.10000000,77934.28439280
binance,usdm_futures,BTCUSDT,15m,1779039000000,1779039899999,77940.00000000,78008.68832084,77861.78677500,78004.30000000
binance,usdm_futures,BTCUSDT,15m,1779039900000,1779040799999,78004.20000000,78054.30000000,77978.40000000,78047.50088406
binance,usdm_futures,BTCUSDT,15m,1779040800000,1779041699999,78047.50088406,78213.40000000,78031.49488406,78096.38216667
binance,usdm_futures,BTCUSDT,15m,1779041700000,1779042599999,78096.83270290,78106.20000000,77964.11910795,78100.20413768
binance,usdm_futures,BTCUSDT,15m,1779042600000,1779043499999,78100.05826812,78136.00000000,78080.40000000,78082.40000000
binance,usdm_futures,BTCUSDT,15m,1779043500000,1779044399999,78082.40000000,78235.15255622,78074.40000000,78233.92013043
binance,usdm_futures,BTCUSDT,15m,1779044400000,1779045299999,78231.47882609,78255.36913043,78190.14563718,78219.70000000
binance,usdm_futures,BTCUSDT,15m,1779045300000,1779046199999,78219.70000000,78265.00000000,78182.46706897,78184.88723388
binance,usdm_futures,BTCUSDT,15m,1779046200000,1779047099999,78184.81592954,78386.10000000,78177.61236957,78340.80360870
binance,usdm_futures,BTCUSDT,15m,1779047100000,1779047999999,78340.79708696,78432.71530435,78308.00000000,78371.50236232
binance,usdm_futures,BTCUSDT,15m,1779048000000,1779048899999,78371.50236232,78397.07694529,78288.00000000,78301.81751124
binance,usdm_futures,BTCUSDT,15m,1779048900000,1779049799999,78301.66732609,78306.93702174,78209.00000000,78257.40000000
binance,usdm_futures,BTCUSDT,15m,1779049800000,1779050699999,78257.40000000,78335.30000000,78212.40000000,78252.30261667
binance,usdm_futures,BTCUSDT,15m,1779050700000,1779051599999,78252.30261667,78261.37037069,78230.99802500,78241.43136667
binance,usdm_futures,BTCUSDT,15m,1779051600000,1779052499999,78238.75136667,78262.00536232,78196.50000000,78261.24547826
binance,usdm_futures,BTCUSDT,15m,1779052500000,1779053399999,78261.42156522,78405.08825362,78227.80000000,78388.00000000
binance,usdm_futures,BTCUSDT,15m,1779053400000,1779054299999,78388.00000000,78450.00000000,78330.62768116,78392.20708696
binance,usdm_futures,BTCUSDT,15m,1779054300000,1779055199999,78392.20708696,78442.30000000,78347.20000000,78366.03617500
binance,usdm_futures,BTCUSDT,15m,1779055200000,1779056099999,78365.52593333,78372.80000000,77915.10778261,78074.67406522
binance,usdm_futures,BTCUSDT,15m,1779056100000,1779056999999,78083.30000000,78115.40000000,77909.93524638,77973.68097101
binance,usdm_futures,BTCUSDT,15m,1779057000000,1779057899999,77971.64901449,78094.00000000,77908.98050637,78014.00000000
binance,usdm_futures,BTCUSDT,15m,1779057900000,1779058799999,78014.00000000,78014.00000000,77797.62957971,77962.84709895
binance,usdm_futures,BTCUSDT,15m,1779058800000,1779059699999,77961.84806522,77963.80741304,77733.62006522,77812.85641679
binance,usdm_futures,BTCUSDT,15m,1779059700000,1779060599999,77817.50000000,77939.77324638,77650.83925362,77798.57145427
binance,usdm_futures,BTCUSDT,15m,1779060600000,1779061499999,77798.57145427,77858.30000000,76709.30000000,77211.70000000
binance,usdm_futures,BTCUSDT,15m,1779061500000,1779062399999,77218.30000000,77512.79105797,77087.90000000,77433.50000000
binance,usdm_futures,BTCUSDT,15m,1779062400000,1779063299999,77433.50000000,77452.60000000,76891.62905797,77169.18226087
binance,usdm_futures,BTCUSDT,15m,1779063300000,1779064199999,77179.70000000,77300.67779133,77079.21632609,77128.10000000
binance,usdm_futures,BTCUSDT,15m,1779064200000,1779065099999,77125.78123913,77194.20000000,76936.00000000,76991.64434783
binance,usdm_futures,BTCUSDT,15m,1779065100000,1779065999999,76989.47478261,77198.36687013,76925.06019565,77175.70000000
binance,usdm_futures,BTCUSDT,15m,1779066000000,1779066899999,77175.70000000,77256.51714493,77049.21729710,77049.21729710
binance,usdm_futures,BTCUSDT,15m,1779066900000,1779067799999,77048.24383333,77048.24383333,76831.48511994,76861.81838406
binance,usdm_futures,BTCUSDT,15m,1779067800000,1779068699999,76861.74012319,76894.90000000,76735.16771014,76796.40000000
binance,usdm_futures,BTCUSDT,15m,1779068700000,1779069599999,76796.30000000,77136.20000000,76712.25382609,77080.00000000
binance,usdm_futures,BTCUSDT,15m,1779069600000,1779070499999,77084.60000000,77193.84224638,77025.03841079,77143.45107971
binance,usdm_futures,BTCUSDT,15m,1779070500000,1779071399999,77142.86890580,77145.10000000,76933.26540480,77010.00000000
binance,usdm_futures,BTCUSDT,15m,1779071400000,1779072299999,77010.00000000,77023.00000000,76808.35830435,76849.00000000
binance,usdm_futures,BTCUSDT,15m,1779072300000,1779073199999,76850.10000000,76907.62094203,76671.30000000,76806.20000000
binance,usdm_futures,BTCUSDT,15m,1779073200000,1779074099999,76806.50000000,76990.60000000,76806.50000000,76846.40000000
binance,usdm_futures,BTCUSDT,15m,1779074100000,1779074999999,76846.30000000,76968.50000000,76814.17610195,76929.82977536
binance,usdm_futures,BTCUSDT,15m,1779075000000,1779075899999,76929.25187681,76987.76516492,76777.00000000,76978.42994753
binance,usdm_futures,BTCUSDT,15m,1779075900000,1779076799999,76977.82473188,76984.80000000,76858.00000000,76900.00000000
binance,usdm_futures,BTCUSDT,15m,1779076800000,1779077699999,76900.10000000,77013.75446377,76896.44532984,77000.32145652
binance,usdm_futures,BTCUSDT,15m,1779077700000,1779078599999,76998.50184408,77008.20000000,76747.63059420,76790.40000000
binance,usdm_futures,BTCUSDT,15m,1779078600000,1779079499999,76790.30000000,76977.10533333,76750.62790580,76970.00000000
binance,usdm_futures,BTCUSDT,15m,1779079500000,1779080399999,76980.40000000,77043.30000000,76877.63626087,77008.08741304
binance,usdm_futures,BTCUSDT,15m,1779080400000,1779081299999,77008.14023913,77053.69809420,76961.90000000,76999.90000000
binance,usdm_futures,BTCUSDT,15m,1779081300000,1779082199999,77000.00000000,77028.70000000,76895.79307971,76999.10000000
binance,usdm_futures,BTCUSDT,15m,1779082200000,1779083099999,76999.10000000,77039.00000000,76850.10000000,76865.90000000
binance,usdm_futures,BTCUSDT,15m,1779083100000,1779083999999,76865.90000000,76949.50000000,76854.80000000,76891.55488006
binance,usdm_futures,BTCUSDT,15m,1779084000000,1779084899999,76891.55488006,76927.84492754,76557.66305797,76852.48707971
binance,usdm_futures,BTCUSDT,15m,1779084900000,1779085799999,76852.48707971,76938.40000000,76661.40000000,76704.39921014
binance,usdm_futures,BTCUSDT,15m,1779085800000,1779086699999,76701.87029710,76810.80000000,76626.86694153,76796.00000000
binance,usdm_futures,BTCUSDT,15m,1779086700000,1779087599999,76799.70000000,76933.00481159,76799.70000000,76881.40000000
binance,usdm_futures,BTCUSDT,15m,1779087600000,1779088499999,76881.30000000,76966.00000000,76840.59332609,76919.44092029
binance,usdm_futures,BTCUSDT,15m,1779088500000,1779089399999,76918.32287681,77047.70000000,76733.02163043,77003.27047826
binance,usdm_futures,BTCUSDT,15m,1779089400000,1779090299999,77003.27700000,77050.00000000,76896.09414493,76931.60000000
binance,usdm_futures,BTCUSDT,15m,1779090300000,1779091199999,76932.61966267,77047.90000000,76932.61966267,77039.50000000
binance,usdm_futures,BTCUSDT,15m,1779091200000,1779092099999,77039.50000000,77151.42955072,76982.95902500,77001.90687500
binance,usdm_futures,BTCUSDT,15m,1779092100000,1779092999999,77001.91187500,77035.01852899,76927.48834783,76950.50000000
binance,usdm_futures,BTCUSDT,15m,1779093000000,1779093899999,76950.60000000,76963.00000000,76850.00000000,76919.49878261
binance,usdm_futures,BTCUSDT,15m,1779093900000,1779094799999,76919.49878261,77010.40000000,76864.40000000,77008.19401799
binance,usdm_futures,BTCUSDT,15m,1779094800000,1779095699999,77012.26140930,77025.10000000,76844.02396552,76875.36521739
binance,usdm_futures,BTCUSDT,15m,1779095700000,1779096599999,76875.37021739,76953.37140000,76862.59834783,76938.04024167
binance,usdm_futures,BTCUSDT,15m,1779096600000,1779097499999,76938.05024167,76994.70000000,76871.80021014,76916.41521667
binance,usdm_futures,BTCUSDT,15m,1779097500000,1779098399999,76919.30000000,76961.20637681,76877.88358333,76901.77544203
binance,usdm_futures,BTCUSDT,15m,1779098400000,1779099299999,76901.76892029,76923.40000000,76740.10000000,76749.90000000
binance,usdm_futures,BTCUSDT,15m,1779099300000,1779100199999,76749.90000000,76796.70000000,76671.20000000,76779.50000000
binance,usdm_futures,BTCUSDT,15m,1779100200000,1779101099999,76779.50000000,76824.20000000,76726.89876312,76781.00382309
binance,usdm_futures,BTCUSDT,15m,1779101100000,1779101999999,76781.00382309,76864.90000000,76731.61977536,76731.61977536
binance,usdm_futures,BTCUSDT,15m,1779102000000,1779102899999,76731.19585507,76754.30000000,76635.91494203,76727.50000000
binance,usdm_futures,BTCUSDT,15m,1779102900000,1779103799999,76727.60000000,76835.36268333,76719.10000000,76780.20000000
binance,usdm_futures,BTCUSDT,15m,1779103800000,1779104699999,76780.00000000,77397.47446701,76745.56080435,77322.80000000
binance,usdm_futures,BTCUSDT,15m,1779104700000,1779105599999,77328.50000000,77333.20000000,77178.50000000,77255.10000000
binance,usdm_futures,BTCUSDT,15m,1779105600000,1779106499999,77255.00000000,77452.80000000,77249.90889130,77400.00000000
binance,usdm_futures,BTCUSDT,15m,1779106500000,1779107399999,77400.00000000,77518.46491304,77264.70000000,77303.55123188
binance,usdm_futures,BTCUSDT,15m,1779107400000,1779108299999,77303.10000000,77692.00000000,77260.73901449,77684.10000000
binance,usdm_futures,BTCUSDT,15m,1779108300000,1779109199999,77686.40000000,77757.20000000,77552.13503623,77593.87733333
binance,usdm_futures,BTCUSDT,15m,1779109200000,1779110099999,77600.00000000,77600.00000000,77424.40000000,77464.81632609
binance,usdm_futures,BTCUSDT,15m,1779110100000,1779110999999,77456.90436957,77457.60000000,77244.85546477,77244.85546477
binance,usdm_futures,BTCUSDT,15m,1779111000000,1779111899999,77244.54372564,77250.00000000,76733.35952174,76789.40000000
binance,usdm_futures,BTCUSDT,15m,1779111900000,1779112799999,76785.10000000,77100.00000000,76662.70314493,76904.20000000
binance,usdm_futures,BTCUSDT,15m,1779112800000,1779113699999,76904.20000000,76925.22595952,76648.13158696,76667.50000000
binance,usdm_futures,BTCUSDT,15m,1779113700000,1779114599999,76667.50000000,76798.40000000,76396.10000000,76613.40000000
binance,usdm_futures,BTCUSDT,15m,1779114600000,1779115499999,76613.50000000,76689.90000000,76212.06789130,76463.02743478
binance,usdm_futures,BTCUSDT,15m,1779115500000,1779116399999,76461.62960870,76476.69364493,76294.97075362,76369.70000000
binance,usdm_futures,BTCUSDT,15m,1779116400000,1779117299999,76369.80000000,76412.10000000,76082.02982009,76280.67639855
binance,usdm_futures,BTCUSDT,15m,1779117300000,1779118199999,76268.31074638,76285.00000000,76047.10000000,76065.60000000
binance,usdm_futures,BTCUSDT,15m,1779118200000,1779119099999,76065.50000000,76342.47847848,76027.55226087,76295.70302174
binance,usdm_futures,BTCUSDT,15m,1779119100000,1779119999999,76295.70084783,76458.90000000,76253.18319674,76384.60000000
binance,usdm_futures,BTCUSDT,15m,1779120000000,1779120899999,76393.50000000,76565.10000000,76232.27492029,76487.17426087
binance,usdm_futures,BTCUSDT,15m,1779120900000,1779121799999,76486.56186957,76637.71625362,76186.52961769,76251.51072464
binance,usdm_futures,BTCUSDT,15m,1779121800000,1779122699999,76252.51724638,76518.50000000,76213.16557971,76437.98216667
binance,usdm_futures,BTCUSDT,15m,1779122700000,1779123599999,76437.98216667,76522.25225833,76367.29149275,76378.38044203
binance,usdm_futures,BTCUSDT,15m,1779123600000,1779124499999,76378.38044203,76610.40000000,76339.20603623,76528.50000000
binance,usdm_futures,BTCUSDT,15m,1779124500000,1779125399999,76528.40000000,76668.50000000,76528.40000000,76639.80000000
binance,usdm_futures,BTCUSDT,15m,1779125400000,1779126299999,76639.70000000,76650.00000000,76523.00000000,76631.50000000
binance,usdm_futures,BTCUSDT,15m,1779126300000,1779127199999,76631.40000000,76725.70000000,76612.36975145,76674.66443478
binance,usdm_futures,BTCUSDT,15m,1779127200000,1779128099999,76674.28182609,76674.40000000,76399.97747101,76413.10000000
binance,usdm_futures,BTCUSDT,15m,1779128100000,1779128999999,76413.00000000,76424.50000000,76127.08145217,76330.75788406
binance,usdm_futures,BTCUSDT,15m,1779129000000,1779129899999,76330.26875362,76400.03030735,76236.30000000,76301.50000000
binance,usdm_futures,BTCUSDT,15m,1779129900000,1779130799999,76301.40000000,76361.50000000,76206.17449275,76232.52057721
binance,usdm_futures,BTCUSDT,15m,1779130800000,1779131699999,76232.52057721,76877.65956522,76210.71383333,76587.20000000
binance,usdm_futures,BTCUSDT,15m,1779131700000,1779132599999,76592.30000000,76675.82161594,76528.06696377,76608.72849275
binance,usdm_futures,BTCUSDT,15m,1779132600000,1779133499999,76608.71610145,76891.37915942,76596.39533333,76861.00000000
binance,usdm_futures,BTCUSDT,15m,1779133500000,1779134399999,76861.00000000,76961.30000000,76808.78028986,76887.60000000
binance,usdm_futures,BTCUSDT,15m,1779134400000,1779135299999,76887.70000000,77047.70000000,76851.10000000,77041.48014167
binance,usdm_futures,BTCUSDT,15m,1779135300000,1779136199999,77039.65639167,77138.60000000,77012.30000000,77112.21957271
binance,usdm_futures,BTCUSDT,15m,1779136200000,1779137099999,77111.81239880,77157.90000000,76928.70000000,76934.00000000
binance,usdm_futures,BTCUSDT,15m,1779137100000,1779137999999,76934.00000000,77020.37657971,76847.20000000,76871.44389130
binance,usdm_futures,BTCUSDT,15m,1779138000000,1779138899999,76871.44389130,76981.80000000,76757.30902549,76876.00000000
binance,usdm_futures,BTCUSDT,15m,1779138900000,1779139799999,76876.00000000,77046.01793478,76875.90000000,77003.64922039
binance,usdm_futures,BTCUSDT,15m,1779139800000,1779140699999,76996.91886232,77154.97863043,76935.89692029,76988.79784783
binance,usdm_futures,BTCUSDT,15m,1779140700000,1779141599999,76997.50000000,77095.00000000,76941.67926087,77063.89205797
binance,usdm_futures,BTCUSDT,15m,1779141600000,1779142499999,77063.89205797,77134.30000000,77010.00000000,77109.10000000
binance,usdm_futures,BTCUSDT,15m,1779142500000,1779143399999,77109.10000000,77187.30000000,77055.50000000,77104.90000000
binance,usdm_futures,BTCUSDT,15m,1779143400000,1779144299999,77104.90000000,77132.60000000,76991.00000000,77013.25781159
binance,usdm_futures,BTCUSDT,15m,1779144300000,1779145199999,77013.12542029,77049.22155797,76901.15334783,77047.06315942
binance,usdm_futures,BTCUSDT,15m,1779145200000,1779146099999,77047.06315942,77133.40000000,77028.53263043,77042.30000000
binance,usdm_futures,BTCUSDT,15m,1779146100000,1779146999999,77042.30000000,77043.70000000,76982.50000000,77001.72224167
binance,usdm_futures,BTCUSDT,15m,1779147000000,1779147899999,76998.61899167,77081.09706812,76950.00000000,77080.20742129
binance,usdm_futures,BTCUSDT,15m,1779147900000,1779148799999,77080.09560870,77080.09560870,76902.12403623,76963.10000000
binance,usdm_futures,BTCUSDT,15m,1779148800000,1779149699999,76963.20000000,77129.39086232,76922.64092954,77101.55213043
binance,usdm_futures,BTCUSDT,15m,1779149700000,1779150599999,77097.02220290,77380.10000000,77061.87817091,77177.50000000
binance,usdm_futures,BTCUSDT,15m,1779150600000,1779151499999,77177.50000000,77235.50000000,77084.00000000,77148.34000000
binance,usdm_futures,BTCUSDT,15m,1779151500000,1779152399999,77148.32425000,77278.02114203,77104.35775833,77104.35775833
binance,usdm_futures,BTCUSDT,15m,1779152400000,1779153299999,77104.90275833,77122.60000000,77001.10000000,77081.97013768
binance,usdm_futures,BTCUSDT,15m,1779153300000,1779154199999,77081.47231159,77092.80000000,76683.35500750,76735.83508696
binance,usdm_futures,BTCUSDT,15m,1779154200000,1779155099999,76735.83378261,76905.10000000,76652.50949275,76830.41873188
binance,usdm_futures,BTCUSDT,15m,1779155100000,1779155999999,76830.26460145,76837.56032609,76635.40000000,76635.50000000
binance,usdm_futures,BTCUSDT,15m,1779156000000,1779156899999,76635.40000000,76696.20000000,76457.60000000,76690.88822464
binance,usdm_futures,BTCUSDT,15m,1779156900000,1779157799999,76690.88387681,76973.68077961,76645.34547826,76800.46830435
binance,usdm_futures,BTCUSDT,15m,1779157800000,1779158699999,76800.25743478,76810.00000000,76702.98471739,76720.50000000
binance,usdm_futures,BTCUSDT,15m,1779158700000,1779159599999,76720.40000000,76761.16503623,76572.18048876,76586.90137500
binance,usdm_futures,BTCUSDT,15m,1779159600000,1779160499999,76586.91890833,76747.00000000,76551.83511667,76741.70000000
binance,usdm_futures,BTCUSDT,15m,1779160500000,1779161399999,76741.80000000,76838.12491630,76661.60000000,76714.20000000
binance,usdm_futures,BTCUSDT,15m,1779161400000,1779162299999,76714.30000000,76823.40000000,76714.30000000,76818.39128333
binance,usdm_futures,BTCUSDT,15m,1779162300000,1779163199999,76818.26803333,76831.12353823,76723.31428333,76749.90000000
binance,usdm_futures,BTCUSDT,15m,1779163200000,1779164099999,76750.00000000,76917.83481259,76697.35470290,76850.40000000
binance,usdm_futures,BTCUSDT,15m,1779164100000,1779164999999,76850.30000000,76850.40000000,76659.19117391,76699.87356034
binance,usdm_futures,BTCUSDT,15m,1779165000000,1779165899999,76700.58606034,76873.20000000,76700.58606034,76847.39424638
binance,usdm_futures,BTCUSDT,15m,1779165900000,1779166799999,76847.41011594,76911.20000000,76832.08807759,76889.72318966
binance,usdm_futures,BTCUSDT,15m,1779166800000,1779167699999,76889.72318966,76911.70000000,76802.80000000,76824.90000000
binance,usdm_futures,BTCUSDT,15m,1779167700000,1779168599999,76828.90000000,76833.60000000,76602.45586232,76786.90000000
binance,usdm_futures,BTCUSDT,15m,1779168600000,1779169499999,76787.00000000,76978.00000000,76739.69487256,76876.50000000
binance,usdm_futures,BTCUSDT,15m,1779169500000,1779170399999,76876.40000000,76957.95386957,76833.10000000,76876.10000000
binance,usdm_futures,BTCUSDT,15m,1779170400000,1779171299999,76873.78504348,76983.73654348,76851.92479710,76966.00026237
binance,usdm_futures,BTCUSDT,15m,1779171300000,1779172199999,76965.98069715,77008.61520990,76910.30000000,76971.30000000
binance,usdm_futures,BTCUSDT,15m,1779172200000,1779173099999,76971.20000000,77070.40000000,76909.00000000,77050.62012319
binance,usdm_futures,BTCUSDT,15m,1779173100000,1779173999999,77050.62012319,77054.00000000,76975.50000000,76989.07363768
binance,usdm_futures,BTCUSDT,15m,1779174000000,1779174899999,76989.06863768,77108.03384445,76933.93592754,77103.37977699
binance,usdm_futures,BTCUSDT,15m,1779174900000,1779175799999,77105.11552699,77231.90000000,77068.00000000,77100.00000000
binance,usdm_futures,BTCUSDT,15m,1779175800000,1779176699999,77100.90652899,77240.66667500,77098.59528261,77225.57070290
binance,usdm_futures,BTCUSDT,15m,1779176700000,1779177599999,77224.16034058,77247.30000000,77179.34646177,77200.40000000
binance,usdm_futures,BTCUSDT,15m,1779177600000,1779178499999,77200.30000000,77216.00000000,77016.99478333,77082.90000000
binance,usdm_futures,BTCUSDT,15m,1779178500000,1779179399999,77083.00000000,77160.90000000,76933.00000000,77050.14704310
binance,usdm_futures,BTCUSDT,15m,1779179400000,1779180299999,77045.37250833,77282.66882609,76986.10000000,77156.26989505
binance,usdm_futures,BTCUSDT,15m,1779180300000,1779181199999,77155.40376812,77181.28421739,77006.40000000,77015.80000000
binance,usdm_futures,BTCUSDT,15m,1779181200000,1779182099999,77015.90000000,77040.28229273,76966.70000000,76994.11884058
binance,usdm_futures,BTCUSDT,15m,1779182100000,1779182999999,76994.12753623,76994.12753623,76702.90000000,76750.65566667
binance,usdm_futures,BTCUSDT,15m,1779183000000,1779183899999,76745.95849275,76825.50000000,76677.32326087,76769.50000000
binance,usdm_futures,BTCUSDT,15m,1779183900000,1779184799999,76769.50000000,76817.00000000,76724.93585435,76787.42785507
binance,usdm_futures,BTCUSDT,15m,1779184800000,1779185699999,76787.43372464,76845.80000000,76725.10000000,76774.70427286
binance,usdm_futures,BTCUSDT,15m,1779185700000,1779186599999,76774.69992504,76808.11193116,76715.00000000,76808.01627899
binance,usdm_futures,BTCUSDT,15m,1779186600000,1779187499999,76808.03519203,76950.00000000,76713.00000000,76719.00000000
binance,usdm_futures,BTCUSDT,15m,1779187500000,1779188399999,76719.00000000,77066.24859070,76682.10000000,77004.10000000
binance,usdm_futures,BTCUSDT,15m,1779188400000,1779189299999,77004.10000000,77039.25747826,76939.61147826,76959.60000000
binance,usdm_futures,BTCUSDT,15m,1779189300000,1779190199999,76959.70000000,76987.90000000,76807.90000000,76845.10000000
binance,usdm_futures,BTCUSDT,15m,1779190200000,1779191099999,76845.10000000,76860.80000000,76611.18746377,76628.43490580
binance,usdm_futures,BTCUSDT,15m,1779191100000,1779191999999,76628.43490580,76728.20000000,76625.62999275,76677.10000000
binance,usdm_futures,BTCUSDT,15m,1779192000000,1779192899999,76677.00000000,76765.34067391,76616.66692654,76753.86394203
binance,usdm_futures,BTCUSDT,15m,1779192900000,1779193799999,76753.85089855,76817.10894203,76722.00000000,76815.92296377
binance,usdm_futures,BTCUSDT,15m,1779193800000,1779194699999,76815.92665942,76922.77887556,76809.90523188,76868.80000000
binance,usdm_futures,BTCUSDT,15m,1779194700000,1779195599999,76868.80000000,76947.50000000,76849.90000000,76901.20000000
binance,usdm_futures,BTCUSDT,15m,1779195600000,1779196499999,76901.20000000,76947.80000000,76721.03831159,76800.22725362
binance,usdm_futures,BTCUSDT,15m,1779196500000,1779197399999,76795.39793103,76813.40000000,76566.71347826,76577.75955772
binance,usdm_futures,BTCUSDT,15m,1779197400000,1779198299999,76573.11968841,77028.40000000,76563.60000000,76703.20000000
binance,usdm_futures,BTCUSDT,15m,1779198300000,1779199199999,76701.20188406,76998.70000000,76687.40000000,76840.00000000
binance,usdm_futures,BTCUSDT,15m,1779199200000,1779200099999,76842.30000000,76984.29068841,76594.57590580,76594.57590580
binance,usdm_futures,BTCUSDT,15m,1779200100000,1779200999999,76594.94112319,76622.20000000,76279.30939855,76422.80000000
binance,usdm_futures,BTCUSDT,15m,1779201000000,1779201899999,76422.90000000,76558.99024603,76231.30000000,76434.90000000
binance,usdm_futures,BTCUSDT,15m,1779201900000,1779202799999,76435.90737631,76453.00000000,76117.89865942,76365.70000000
binance,usdm_futures,BTCUSDT,15m,1779202800000,1779203699999,76365.70000000,76563.60000000,76313.70380435,76559.60000000
binance,usdm_futures,BTCUSDT,15m,1779203700000,1779204599999,76559.97124438,76646.30000000,76383.50000000,76472.10782609
binance,usdm_futures,BTCUSDT,15m,1779204600000,1779205499999,76472.10347826,76636.80000000,76403.99116667,76450.14221139
binance,usdm_futures,BTCUSDT,15m,1779205500000,1779206399999,76450.13786357,76547.10000000,76384.10000000,76483.30000000
binance,usdm_futures,BTCUSDT,15m,1779206400000,1779207299999,76483.30000000,76550.00000000,76377.00000000,76435.00000000
binance,usdm_futures,BTCUSDT,15m,1779207300000,1779208199999,76435.24293478,76586.00000000,76435.24293478,76584.70000000
binance,usdm_futures,BTCUSDT,15m,1779208200000,1779209099999,76584.60000000,76764.10000000,76581.96359420,76764.10000000
binance,usdm_futures,BTCUSDT,15m,1779209100000,1779209999999,76764.10000000,76888.00000000,76719.90000000,76860.24140580
binance,usdm_futures,BTCUSDT,15m,1779210000000,1779210899999,76860.24140580,76940.00000000,76835.00000000,76923.20000000
binance,usdm_futures,BTCUSDT,15m,1779210900000,1779211799999,76924.18275862,76992.60000000,76847.83497001,76851.90000000
binance,usdm_futures,BTCUSDT,15m,1779211800000,1779212699999,76849.85307346,76982.80000000,76724.71173913,76877.20000000
binance,usdm_futures,BTCUSDT,15m,1779212700000,1779213599999,76877.30000000,76877.30000000,76728.60000000,76821.45002899
binance,usdm_futures,BTCUSDT,15m,1779213600000,1779214499999,76821.45437681,76916.10000000,76772.50000000,76884.60000000
binance,usdm_futures,BTCUSDT,15m,1779214500000,1779215399999,76884.60000000,76916.71461019,76735.80867391,76738.60000000
binance,usdm_futures,BTCUSDT,15m,1779215400000,1779216299999,76738.60000000,76831.10000000,76709.91418841,76816.44716667
binance,usdm_futures,BTCUSDT,15m,1779216300000,1779217199999,76816.45216667,76859.20428448,76734.99131884,76764.20000000
binance,usdm_futures,BTCUSDT,15m,1779217200000,1779218099999,76764.20000000,77027.52275000,76764.20000000,77026.42132500
binance,usdm_futures,BTCUSDT,15m,1779218100000,1779218999999,77026.15944167,77042.20000000,76729.72933283,76776.00000000
binance,usdm_futures,BTCUSDT,15m,1779219000000,1779219899999,76775.90000000,76871.75822899,76748.26338406,76832.72717391
binance,usdm_futures,BTCUSDT,15m,1779219900000,1779220799999,76832.46565217,76848.90000000,76733.10000000,76780.00000000
binance,usdm_futures,BTCUSDT,15m,1779220800000,1779221699999,76780.21305847,76915.40000000,76780.21305847,76910.00745690
binance,usdm_futures,BTCUSDT,15m,1779221700000,1779222599999,76910.00670690,76913.90000000,76858.69415181,76883.40000000
binance,usdm_futures,BTCUSDT,15m,1779222600000,1779223499999,76883.40000000,76949.67834167,76883.40000000,76899.95441667
binance,usdm_futures,BTCUSDT,15m,1779223500000,1779224399999,76899.95441667,77000.77563793,76899.90000000,76976.99168841
binance,usdm_futures,BTCUSDT,15m,1779224400000,1779225299999,76976.99168841,76995.38445690,76929.60000000,76969.60000000
binance,usdm_futures,BTCUSDT,15m,1779225300000,1779226199999,76969.60000000,77000.22557246,76946.50863768,76961.96487681
binance,usdm_futures,BTCUSDT,15m,1779226200000,1779227099999,76961.96487681,77004.19758333,76959.90000000,76989.80000000
binance,usdm_futures,BTCUSDT,15m,1779227100000,1779227999999,76989.90000000,76998.94275862,76942.40000000,76942.50000000
binance,usdm_futures,BTCUSDT,15m,1779228000000,1779228899999,76942.50000000,76942.50000000,76747.99101949,76748.06645427
binance,usdm_futures,BTCUSDT,15m,1779228900000,1779229799999,76747.77148551,76749.30000000,76611.00000000,76638.80000000
binance,usdm_futures,BTCUSDT,15m,1779229800000,1779230699999,76638.80000000,76764.20000000,76618.43316667,76724.80000000
binance,usdm_futures,BTCUSDT,15m,1779230700000,1779231599999,76724.80000000,76736.10000000,76666.80000000,76677.39536957
binance,usdm_futures,BTCUSDT,15m,1779231600000,1779232499999,76677.39536957,76831.00703623,76637.72954348,76772.19068841
binance,usdm_futures,BTCUSDT,15m,1779232500000,1779233399999,76771.64331334,76876.10000000,76768.97049275,76872.64079167
binance,usdm_futures,BTCUSDT,15m,1779233400000,1779234299999,76872.74329167,76948.10000000,76852.81302899,76872.70000000
binance,usdm_futures,BTCUSDT,15m,1779234300000,1779235199999,76872.60000000,76886.10000000,76780.00000000,76800.00000000
binance,usdm_futures,BTCUSDT,15m,1779235200000,1779236099999,76799.90000000,76863.40000000,76524.46595952,76552.88213643
binance,usdm_futures,BTCUSDT,15m,1779236100000,1779236999999,76551.06257121,76664.00000000,76485.00000000,76663.90000000
binance,usdm_futures,BTCUSDT,15m,1779237000000,1779237899999,76664.00000000,76829.76525487,76593.60000000,76688.70000000
binance,usdm_futures,BTCUSDT,15m,1779237900000,1779238799999,76690.00000000,76755.00000000,76653.06326812,76754.30000000
binance,usdm_futures,BTCUSDT,15m,1779238800000,1779239699999,76760.70000000,76890.79423913,76683.20000000,76846.52960145
binance,usdm_futures,BTCUSDT,15m,1779239700000,1779240599999,76846.52307971,76875.80000000,76528.74736232,76550.70000000
binance,usdm_futures,BTCUSDT,15m,1779240600000,1779241499999,76550.80000000,76676.80000000,76508.30338406,76570.60000000
binance,usdm_futures,BTCUSDT,15m,1779241500000,1779242399999,76570.60000000,76885.10814918,76536.11099167,76789.35356812
binance,usdm_futures,BTCUSDT,15m,1779242400000,1779243299999,76789.39356812,76827.20000000,76720.70000000,76782.10000000
binance,usdm_futures,BTCUSDT,15m,1779243300000,1779244199999,76782.20000000,76892.05034384,76742.10000000,76742.75135507
binance,usdm_futures,BTCUSDT,15m,1779244200000,1779245099999,76742.75135507,76742.75135507,76575.20000000,76585.51779310
binance,usdm_futures,BTCUSDT,15m,1779245100000,1779245999999,76584.56279310,76680.00000000,76565.38963793,76654.50000000
binance,usdm_futures,BTCUSDT,15m,1779246000000,1779246899999,76654.50000000,76654.50000000,76576.36294203,76613.88894167
binance,usdm_futures,BTCUSDT,15m,1779246900000,1779247799999,76610.92580000,76797.42900000,76590.90000000,76778.82082500
binance,usdm_futures,BTCUSDT,15m,1779247800000,1779248699999,76779.10431667,76779.10431667,76702.50000000,76718.37792029
binance,usdm_futures,BTCUSDT,15m,1779248700000,1779249599999,76718.77373188,76734.03932759,76685.40282500,76688.10000000
binance,usdm_futures,BTCUSDT,15m,1779249600000,1779250499999,76689.60000000,76808.90000000,76689.60000000,76795.13283333
binance,usdm_futures,BTCUSDT,15m,1779250500000,1779251399999,76795.12783333,76797.20000000,76744.72292500,76747.92418007
binance,usdm_futures,BTCUSDT,15m,1779251400000,1779252299999,76742.96548442,76757.80000000,76652.62945833,76713.90000000
binance,usdm_futures,BTCUSDT,15m,1779252300000,1779253199999,76713.80000000,76789.38521739,76712.21657971,76750.68511232
binance,usdm_futures,BTCUSDT,15m,1779253200000,1779254099999,76750.68336232,77256.60438406,76750.67836232,77199.80000000
binance,usdm_futures,BTCUSDT,15m,1779254100000,1779254999999,77199.80000000,77212.10000000,77097.10000000,77135.00000000
binance,usdm_futures,BTCUSDT,15m,1779255000000,1779255899999,77135.00000000,77300.00000000,77127.84462519,77127.84462519
binance,usdm_futures,BTCUSDT,15m,1779255900000,1779256799999,77127.31853823,77187.90515742,77120.41315217,77175.19565942
binance,usdm_futures,BTCUSDT,15m,1779256800000,1779257699999,77173.64652899,77210.42151884,77155.51007971,77201.75036132
binance,usdm_futures,BTCUSDT,15m,1779257700000,1779258599999,77201.75036132,77338.10919565,77201.75036132,77252.90756372
binance,usdm_futures,BTCUSDT,15m,1779258600000,1779259499999,77252.90321589,77283.34591792,77213.68986507,77283.33766792
binance,usdm_futures,BTCUSDT,15m,1779259500000,1779260399999,77283.33766792,77396.10811594,77240.22113768,77379.90000000
binance,usdm_futures,BTCUSDT,15m,1779260400000,1779261299999,77379.80000000,77392.20000000,77286.30000000,77355.18465217
binance,usdm_futures,BTCUSDT,15m,1779261300000,1779262199999,77355.08030435,77444.00000000,77285.00000000,77362.77297826
binance,usdm_futures,BTCUSDT,15m,1779262200000,1779263099999,77362.93210870,77374.47721739,77292.50000000,77342.60396377
binance,usdm_futures,BTCUSDT,15m,1779263100000,1779263999999,77339.87303623,77339.87303623,77208.30000000,77250.00000000
binance,usdm_futures,BTCUSDT,15m,1779264000000,1779264899999,77250.47589205,77303.65242754,77219.73272464,77250.44705797
binance,usdm_futures,BTCUSDT,15m,1779264900000,1779265799999,77250.45357971,77271.10000000,77173.07128261,77245.00000000
binance,usdm_futures,BTCUSDT,15m,1779265800000,1779266699999,77245.00000000,77607.23821014,77245.00000000,77496.37491304
binance,usdm_futures,BTCUSDT,15m,1779266700000,1779267599999,77496.34100000,77516.50000000,77430.00000000,77430.10000000
binance,usdm_futures,BTCUSDT,15m,1779267600000,1779268499999,77430.04519565,77457.30000000,77373.10000000,77397.20000000
binance,usdm_futures,BTCUSDT,15m,1779268500000,1779269399999,77397.20000000,77479.80000000,77343.30000000,77470.45379710
binance,usdm_futures,BTCUSDT,15m,1779269400000,1779270299999,77470.44075362,77517.71378261,77461.50000000,77478.20000000
binance,usdm_futures,BTCUSDT,15m,1779270300000,1779271199999,77478.30000000,77495.92281884,77411.40000000,77451.75768366
binance,usdm_futures,BTCUSDT,15m,1779271200000,1779272099999,77451.74464018,77580.00000000,77451.74464018,77576.00000000
binance,usdm_futures,BTCUSDT,15m,1779272100000,1779272999999,77576.00000000,77629.60000000,77526.80000000,77581.60000000
binance,usdm_futures,BTCUSDT,15m,1779273000000,1779273899999,77581.50000000,77635.40000000,77484.45306522,77519.13746667
binance,usdm_futures,BTCUSDT,15m,1779273900000,1779274799999,77519.13746667,77557.80000000,77476.17834783,77476.17834783
binance,usdm_futures,BTCUSDT,15m,1779274800000,1779275699999,77475.80000000,77530.50936957,77431.25894203,77432.40000000
binance,usdm_futures,BTCUSDT,15m,1779275700000,1779276599999,77446.20000000,77473.33854348,77426.78832609,77431.90000000
binance,usdm_futures,BTCUSDT,15m,1779276600000,1779277499999,77432.00000000,77454.50494003,77312.30000000,77357.85279710
binance,usdm_futures,BTCUSDT,15m,1779277500000,1779278399999,77357.85279710,77387.80000000,77286.90042029,77354.33285000
binance,usdm_futures,BTCUSDT,15m,1779278400000,1779279299999,77354.32785000,77443.00000000,77329.70000000,77421.59175000
binance,usdm_futures,BTCUSDT,15m,1779279300000,1779280199999,77417.26725000,77504.98852324,77333.50000000,77463.80000000
binance,usdm_futures,BTCUSDT,15m,1779280200000,1779281099999,77463.90000000,77521.24578986,77462.50000000,77496.80000000
binance,usdm_futures,BTCUSDT,15m,1779281100000,1779281999999,77496.70000000,77712.60000000,77496.70000000,77590.20000000
binance,usdm_futures,BTCUSDT,15m,1779282000000,1779282899999,77590.10000000,77617.20000000,77424.93685507,77433.20000000
binance,usdm_futures,BTCUSDT,15m,1779282900000,1779283799999,77433.10000000,77457.90223188,77247.95733133,77273.00000000
binance,usdm_futures,BTCUSDT,15m,1779283800000,1779284699999,77273.90000000,77305.60000000,76939.87449275,77068.13988406
binance,usdm_futures,BTCUSDT,15m,1779284700000,1779285599999,77067.60510145,77315.62080435,77018.03389855,77175.20000000
binance,usdm_futures,BTCUSDT,15m,1779285600000,1779286499999,77175.69646667,77239.10000000,76864.07331884,77092.79119565
binance,usdm_futures,BTCUSDT,15m,1779286500000,1779287399999,77093.22597826,77527.32333333,77093.22597826,77372.51270290
binance,usdm_futures,BTCUSDT,15m,1779287400000,1779288299999,77373.90000000,77479.70000000,77250.17163043,77367.20000000
binance,usdm_futures,BTCUSDT,15m,1779288300000,1779289199999,77367.30000000,77527.64286232,77351.58547101,77421.87829094
binance,usdm_futures,BTCUSDT,15m,1779289200000,1779290099999,77420.90000000,77440.80000000,77271.80000000,77291.23280435
binance,usdm_futures,BTCUSDT,15m,1779290100000,1779290999999,77291.23280435,77820.24418116,77291.23280435,77525.68569565
binance,usdm_futures,BTCUSDT,15m,1779291000000,1779291899999,77521.10091304,77612.40000000,77338.00000000,77413.22076812
binance,usdm_futures,BTCUSDT,15m,1779291900000,1779292799999,77412.99902899,77553.10000000,77350.47412319,77423.11247826
binance,usdm_futures,BTCUSDT,15m,1779292800000,1779293699999,77423.06879310,77527.20000000,77398.75381897,77453.80948551
binance,usdm_futures,BTCUSDT,15m,1779293700000,1779294599999,77452.39688406,77452.39688406,76985.50502174,77060.50000000
binance,usdm_futures,BTCUSDT,15m,1779294600000,1779295499999,77054.70000000,77328.90000000,77001.25539855,77297.70000000
binance,usdm_futures,BTCUSDT,15m,1779295500000,1779296399999,77300.10000000,77333.30000000,77209.84053333,77317.26476812
binance,usdm_futures,BTCUSDT,15m,1779296400000,1779297299999,77315.74281159,77415.00000000,77194.50000000,77358.11623188
binance,usdm_futures,BTCUSDT,15m,1779297300000,1779298199999,77358.11623188,77620.00000000,77313.61673913,77529.30000000
binance,usdm_futures,BTCUSDT,15m,1779298200000,1779299099999,77529.90000000,77683.90000000,77483.50000000,77627.38364493
binance,usdm_futures,BTCUSDT,15m,1779299100000,1779299999999,77627.39994928,77689.55092754,77503.20105797,77537.36853623
binance,usdm_futures,BTCUSDT,15m,1779300000000,1779300899999,77537.35549275,77571.40000000,77443.03215217,77443.15128261
binance,usdm_futures,BTCUSDT,15m,1779300900000,1779301799999,77443.15128261,77604.70489130,77401.20000000,77481.74460145
binance,usdm_futures,BTCUSDT,15m,1779301800000,1779302699999,77478.81677536,77516.90000000,77422.34094203,77455.99497826
binance,usdm_futures,BTCUSDT,15m,1779302700000,1779303599999,77455.99497826,77455.99497826,77354.83314493,77375.50000000
binance,usdm_futures,BTCUSDT,15m,1779303600000,1779304499999,77375.50000000,77424.20000000,77310.02202899,77366.38289130
binance,usdm_futures,BTCUSDT,15m,1779304500000,1779305399999,77366.62419565,77527.20000000,77334.30000000,77525.30000000
binance,usdm_futures,BTCUSDT,15m,1779305400000,1779306299999,77525.30000000,77610.00000000,77491.10000000,77597.10000000
binance,usdm_futures,BTCUSDT,15m,1779306300000,1779307199999,77597.10000000,77677.20000000,77565.24154310,77630.60000000
binance,usdm_futures,BTCUSDT,15m,1779307200000,1779308099999,77630.50000000,77721.27778333,77542.20947101,77700.10000000
binance,usdm_futures,BTCUSDT,15m,1779308100000,1779308999999,77700.10000000,77706.00000000,77443.90000000,77649.40414167
binance,usdm_futures,BTCUSDT,15m,1779309000000,1779309899999,77649.40414167,77718.98123913,77558.79951724,77649.90000000
binance,usdm_futures,BTCUSDT,15m,1779309900000,1779310799999,77650.00000000,77735.10000000,77634.72036232,77689.10000000
binance,usdm_futures,BTCUSDT,15m,1779310800000,1779311699999,77686.45670690,77735.00000000,77613.00000000,77713.80000000
binance,usdm_futures,BTCUSDT,15m,1779311700000,1779312599999,77713.90000000,77724.30000000,77561.15408696,77572.00000000
binance,usdm_futures,BTCUSDT,15m,1779312600000,1779313499999,77571.30000000,77613.69386667,77547.90525000,77585.90000000
binance,usdm_futures,BTCUSDT,15m,1779313500000,1779314399999,77586.00000000,77622.99257246,77464.50000000,77464.50000000
binance,usdm_futures,BTCUSDT,15m,1779314400000,1779315299999,77464.50000000,77464.50000000,77253.10000000,77340.41657971
binance,usdm_futures,BTCUSDT,15m,1779315300000,1779316199999,77340.41657971,77417.77394203,77191.40000000,77400.10000000
binance,usdm_futures,BTCUSDT,15m,1779316200000,1779317099999,77400.10000000,77472.70000000,77342.80000000,77402.94218966
binance,usdm_futures,BTCUSDT,15m,1779317100000,1779317999999,77402.80672500,77468.20000000,77402.60000000,77468.20000000
binance,usdm_futures,BTCUSDT,15m,1779318000000,1779318899999,77468.20000000,77468.20000000,77361.79440030,77422.70000000
binance,usdm_futures,BTCUSDT,15m,1779318900000,1779319799999,77423.12276087,77427.19016667,77348.90000000,77353.90000000
binance,usdm_futures,BTCUSDT,15m,1779319800000,1779320699999,77353.90000000,77450.75750000,77353.60000000,77448.13202500
binance,usdm_futures,BTCUSDT,15m,1779320700000,1779321599999,77448.13202500,77519.90000000,77420.39933333,77510.35947826
binance,usdm_futures,BTCUSDT,15m,1779321600000,1779322499999,77510.37686957,77659.21187319,77485.60000000,77629.60000000
binance,usdm_futures,BTCUSDT,15m,1779322500000,1779323399999,77629.60000000,77695.00000000,77567.31323406,77695.00000000
binance,usdm_futures,BTCUSDT,15m,1779323400000,1779324299999,77695.61576812,77713.51849275,77662.54121439,77700.00000000
binance,usdm_futures,BTCUSDT,15m,1779324300000,1779325199999,77700.00000000,78032.10000000,77699.90578986,77933.12988333
binance,usdm_futures,BTCUSDT,15m,1779325200000,1779326099999,77932.62800833,78101.79576812,77891.50579710,78096.72473188
binance,usdm_futures,BTCUSDT,15m,1779326100000,1779326999999,78099.31821014,78139.30000000,77781.10000000,77845.16546377
binance,usdm_futures,BTCUSDT,15m,1779327000000,1779327899999,77845.16394203,77930.60000000,77780.34539167,77856.30000000
binance,usdm_futures,BTCUSDT,15m,1779327900000,1779328799999,77856.40000000,77935.00000000,77759.80000000,77818.44915761
binance,usdm_futures,BTCUSDT,15m,1779328800000,1779329699999,77818.44915761,77876.71975833,77782.90408546,77837.80000000
binance,usdm_futures,BTCUSDT,15m,1779329700000,1779330599999,77837.80000000,78071.20000000,77824.33445000,78001.26478261
binance,usdm_futures,BTCUSDT,15m,1779330600000,1779331499999,78005.00000000,78045.40866667,77950.49662669,77982.50000000
binance,usdm_futures,BTCUSDT,15m,1779331500000,1779332399999,77982.50000000,77991.73747376,77914.70000000,77919.04503623
binance,usdm_futures,BTCUSDT,15m,1779332400000,1779333299999,77919.04503623,77979.26975362,77886.30000000,77918.30000000
binance,usdm_futures,BTCUSDT,15m,1779333300000,1779334199999,77918.30000000,78008.50650862,77867.40000000,78000.91561667
binance,usdm_futures,BTCUSDT,15m,1779334200000,1779335099999,78000.92061667,78000.92061667,77950.00000000,77980.39615217
binance,usdm_futures,BTCUSDT,15m,1779335100000,1779335999999,77980.39615217,78066.00000000,77963.11470290,78039.67121014
binance,usdm_futures,BTCUSDT,15m,1779336000000,1779336899999,78039.67555797,78143.20000000,77926.90000000,77940.59906522
binance,usdm_futures,BTCUSDT,15m,1779336900000,1779337799999,77940.60493478,77999.80000000,77925.17597101,77985.47305072
binance,usdm_futures,BTCUSDT,15m,1779337800000,1779338699999,77985.49740580,77998.23621014,77924.80000000,77935.10000000
binance,usdm_futures,BTCUSDT,15m,1779338700000,1779339599999,77935.10000000,78014.92735382,77935.10000000,77994.83618841
binance,usdm_futures,BTCUSDT,15m,1779339600000,1779340499999,77994.84857971,78101.00000000,77854.91255797,77872.60000000
binance,usdm_futures,BTCUSDT,15m,1779340500000,1779341399999,77879.80000000,77915.40000000,77829.10000000,77833.75749275
binance,usdm_futures,BTCUSDT,15m,1779341400000,1779342299999,77833.75749275,77879.57156672,77810.70686957,77834.18713043
binance,usdm_futures,BTCUSDT,15m,1779342300000,1779343199999,77833.81437681,77833.81437681,77705.24208696,77793.09668103
binance,usdm_futures,BTCUSDT,15m,1779343200000,1779344099999,77794.90000000,77846.82898333,77693.67572464,77737.19345833
binance,usdm_futures,BTCUSDT,15m,1779344100000,1779344999999,77737.19345833,77827.10000000,77679.72997101,77744.90000000
binance,usdm_futures,BTCUSDT,15m,1779345000000,1779345899999,77744.80000000,77790.53011667,77615.80000000,77643.70000000
binance,usdm_futures,BTCUSDT,15m,1779345900000,1779346799999,77643.70000000,77643.70000000,77524.00000000,77592.96111667
binance,usdm_futures,BTCUSDT,15m,1779346800000,1779347699999,77592.30706667,77665.97281667,77533.50000000,77574.25592754
binance,usdm_futures,BTCUSDT,15m,1779347700000,1779348599999,77574.25592754,77582.70000000,77488.70791304,77572.79990000
binance,usdm_futures,BTCUSDT,15m,1779348600000,1779349499999,77572.80065000,77687.00000000,77571.59065000,77687.00000000
binance,usdm_futures,BTCUSDT,15m,1779349500000,1779350399999,77687.00000000,77873.91105072,77686.90000000,77850.30127536
binance,usdm_futures,BTCUSDT,15m,1779350400000,1779351299999,77849.80779710,78159.83348551,77849.80779710,78099.90000000
binance,usdm_futures,BTCUSDT,15m,1779351300000,1779352199999,78099.90000000,78142.50000000,77906.40000000,78018.97550725
binance,usdm_futures,BTCUSDT,15m,1779352200000,1779353099999,78018.88352899,78018.88352899,77865.50000000,77900.18662391
binance,usdm_futures,BTCUSDT,15m,1779353100000,1779353999999,77900.20662391,77926.70000000,77854.66434783,77888.00000000
binance,usdm_futures,BTCUSDT,15m,1779354000000,1779354899999,77888.10000000,77951.63209167,77850.00000000,77900.10000000
binance,usdm_futures,BTCUSDT,15m,1779354900000,1779355799999,77900.00000000,77925.33292500,77880.88485833,77894.64600000
binance,usdm_futures,BTCUSDT,15m,1779355800000,1779356699999,77894.60850000,77907.20000000,77642.89716667,77659.68117391
binance,usdm_futures,BTCUSDT,15m,1779356700000,1779357599999,77659.47313043,77687.20000000,77599.84065942,77600.03057721
binance,usdm_futures,BTCUSDT,15m,1779357600000,1779358499999,77600.03057721,77640.61437781,77585.00000000,77600.10000000
binance,usdm_futures,BTCUSDT,15m,1779358500000,1779359399999,77600.20000000,77651.00000000,77147.01312319,77349.12336232
binance,usdm_futures,BTCUSDT,15m,1779359400000,1779360299999,77349.67444928,77431.00873913,77172.90000000,77333.07298551
binance,usdm_futures,BTCUSDT,15m,1779360300000,1779361199999,77329.30342029,77342.20000000,77160.06475362,77165.00000000
binance,usdm_futures,BTCUSDT,15m,1779361200000,1779362099999,77168.70000000,77314.88737500,77121.31060870,77275.34493103
binance,usdm_futures,BTCUSDT,15m,1779362100000,1779362999999,77275.35243103,77340.50000000,77243.60000000,77287.84004167
binance,usdm_futures,BTCUSDT,15m,1779363000000,1779363899999,77287.83504167,77342.80000000,77185.42445652,77226.06460145
binance,usdm_futures,BTCUSDT,15m,1779363900000,1779364799999,77226.05525362,77230.60000000,77152.19257246,77157.30000000
binance,usdm_futures,BTCUSDT,15m,1779364800000,1779365699999,77157.40000000,77246.60000000,77125.30000000,77161.50000000
binance,usdm_futures,BTCUSDT,15m,1779365700000,1779366599999,77161.40000000,77189.48493253,77062.96537481,77080.00000000
binance,usdm_futures,BTCUSDT,15m,1779366600000,1779367499999,77079.90000000,77295.00410978,77053.56885507,77208.60000000
binance,usdm_futures,BTCUSDT,15m,1779367500000,1779368399999,77208.60000000,77333.67019565,77208.50000000,77244.00000000
binance,usdm_futures,BTCUSDT,15m,1779368400000,1779369299999,77244.00000000,77322.00000000,77219.59688406,77228.34307346
binance,usdm_futures,BTCUSDT,15m,1779369300000,1779370199999,77227.56180435,77281.16318116,77169.21062219,77264.44073913
binance,usdm_futures,BTCUSDT,15m,1779370200000,1779371099999,77268.30000000,77284.20000000,76699.00000000,76719.00000000
binance,usdm_futures,BTCUSDT,15m,1779371100000,1779371999999,76726.00000000,77162.30000000,76726.00000000,77095.40000000
binance,usdm_futures,BTCUSDT,15m,1779372000000,1779372899999,77095.30000000,77215.50000000,77016.93705797,77051.58815217
binance,usdm_futures,BTCUSDT,15m,1779372900000,1779373799999,77055.90000000,77061.70000000,76752.42415217,77013.45879710
binance,usdm_futures,BTCUSDT,15m,1779373800000,1779374699999,77023.10000000,77161.00000000,76908.90000000,76949.70000000
binance,usdm_futures,BTCUSDT,15m,1779374700000,1779375599999,76949.60000000,77008.30000000,76850.50493478,76946.00563768
binance,usdm_futures,BTCUSDT,15m,1779375600000,1779376499999,76946.00563768,77181.83412740,76869.31511244,77124.10373188
binance,usdm_futures,BTCUSDT,15m,1779376500000,1779377399999,77124.19307971,77286.70000000,77089.60000000,77236.80809420
binance,usdm_futures,BTCUSDT,15m,1779377400000,1779378299999,77235.80744203,77250.30000000,77028.54823838,77178.60286357
binance,usdm_futures,BTCUSDT,15m,1779378300000,1779379199999,77178.40000000,77373.40000000,77128.56795000,77229.85986957
binance,usdm_futures,BTCUSDT,15m,1779379200000,1779380099999,77231.30769565,77318.30000000,77195.85853073,77249.00000000
binance,usdm_futures,BTCUSDT,15m,1779380100000,1779380999999,77249.00000000,77257.80000000,77080.88544203,77148.66996377
binance,usdm_futures,BTCUSDT,15m,1779381000000,1779381899999,77148.66996377,77258.94756522,76999.91228986,77029.70000000
binance,usdm_futures,BTCUSDT,15m,1779381900000,1779382799999,77029.80000000,77166.80000000,76976.83397826,77166.80000000
binance,usdm_futures,BTCUSDT,15m,1779382800000,1779383699999,77166.70000000,77533.50011033,77150.37518841,77482.00000000
binance,usdm_futures,BTCUSDT,15m,1779383700000,1779384599999,77482.00000000,77969.90000000,77470.79341304,77943.74709145
binance,usdm_futures,BTCUSDT,15m,1779384600000,1779385499999,77943.74709145,78009.52371739,77823.30616942,77858.80000000
binance,usdm_futures,BTCUSDT,15m,1779385500000,1779386399999,77858.80000000,78064.31508996,77759.60000000,77831.10000000
binance,usdm_futures,BTCUSDT,15m,1779386400000,1779387299999,77831.10000000,77890.00000000,77587.40000000,77665.20000000
binance,usdm_futures,BTCUSDT,15m,1779387300000,1779388199999,77665.20000000,77869.70000000,77596.88768841,77703.41047101
binance,usdm_futures,BTCUSDT,15m,1779388200000,1779389099999,77701.17568841,77777.00000000,77680.70000000,77717.72533333
binance,usdm_futures,BTCUSDT,15m,1779389100000,1779389999999,77716.98401449,77720.90000000,77223.83423913,77354.40000000
binance,usdm_futures,BTCUSDT,15m,1779390000000,1779390899999,77355.37232609,77562.90000000,77339.21126812,77508.70000000
binance,usdm_futures,BTCUSDT,15m,1779390900000,1779391799999,77508.60000000,77577.50000000,77485.00000000,77512.20000000
binance,usdm_futures,BTCUSDT,15m,1779391800000,1779392699999,77512.20000000,77621.00000000,77512.00000000,77594.33613768
binance,usdm_futures,BTCUSDT,15m,1779392700000,1779393599999,77594.84918116,77767.60000000,77579.50000000,77664.40000000
binance,usdm_futures,BTCUSDT,15m,1779393600000,1779394499999,77666.30000000,77711.30000000,77631.70000000,77679.08045652
binance,usdm_futures,BTCUSDT,15m,1779394500000,1779395399999,77676.65312319,77701.83018841,77650.20434783,77656.60000000
binance,usdm_futures,BTCUSDT,15m,1779395400000,1779396299999,77661.50000000,77769.80000000,77608.51166667,77656.49908696
binance,usdm_futures,BTCUSDT,15m,1779396300000,1779397199999,77656.65560870,77769.88265217,77616.97752899,77671.50000000
binance,usdm_futures,BTCUSDT,15m,1779397200000,1779398099999,77671.40000000,77774.12128986,77671.40000000,77736.72368841
binance,usdm_futures,BTCUSDT,15m,1779398100000,1779398999999,77735.66671014,77777.10000000,77720.40000000,77777.10000000
binance,usdm_futures,BTCUSDT,15m,1779399000000,1779399899999,77777.10000000,77777.35737681,77666.31898051,77688.19430435
binance,usdm_futures,BTCUSDT,15m,1779399900000,1779400799999,77687.66821739,77687.66821739,77605.64358621,77636.20000000
binance,usdm_futures,BTCUSDT,15m,1779400800000,1779401699999,77636.20000000,77721.88465217,77580.68812319,77620.90000000
binance,usdm_futures,BTCUSDT,15m,1779401700000,1779402599999,77621.00000000,77663.20000000,77563.67398801,77663.20000000
binance,usdm_futures,BTCUSDT,15m,1779402600000,1779403499999,77663.20000000,77683.73207971,77513.20000000,77604.10000000
binance,usdm_futures,BTCUSDT,15m,1779403500000,1779404399999,77604.10000000,77630.95698551,77569.70000000,77589.60622500
binance,usdm_futures,BTCUSDT,15m,1779404400000,1779405299999,77589.60622500,77686.80000000,77529.70000000,77530.36962500
binance,usdm_futures,BTCUSDT,15m,1779405300000,1779406199999,77530.36962500,77627.83435507,77494.77275833,77617.30000000
binance,usdm_futures,BTCUSDT,15m,1779406200000,1779407099999,77617.30000000,77714.20000000,77600.00000000,77666.76091739
binance,usdm_futures,BTCUSDT,15m,1779407100000,1779407999999,77666.70000000,77707.90000000,77570.00000000,77586.20000000
binance,usdm_futures,BTCUSDT,15m,1779408000000,1779408899999,77586.20000000,77602.50000000,77411.43737681,77411.43737681
binance,usdm_futures,BTCUSDT,15m,1779408900000,1779409799999,77408.42302899,77520.40000000,77378.75618441,77457.33292500
binance,usdm_futures,BTCUSDT,15m,1779409800000,1779410699999,77457.33292500,77535.90000000,77366.40000000,77435.80000000
binance,usdm_futures,BTCUSDT,15m,1779410700000,1779411599999,77436.56569565,77478.20000000,77339.64152174,77344.80000000
binance,usdm_futures,BTCUSDT,15m,1779411600000,1779412499999,77344.80000000,77487.10000000,77288.14555797,77484.22560870
binance,usdm_futures,BTCUSDT,15m,1779412500000,1779413399999,77484.22560870,77509.50000000,77411.47932500,77439.11979167
binance,usdm_futures,BTCUSDT,15m,1779413400000,1779414299999,77437.13600000,77490.51697826,77315.60298406,77488.90000000
binance,usdm_futures,BTCUSDT,15m,1779414300000,1779415199999,77488.90000000,77638.26944203,77488.80000000,77579.90000000
binance,usdm_futures,BTCUSDT,15m,1779415200000,1779416099999,77580.00000000,77668.00000000,77580.00000000,77633.70000000
binance,usdm_futures,BTCUSDT,15m,1779416100000,1779416999999,77633.70000000,77697.90000000,77579.11486957,77630.00000000
binance,usdm_futures,BTCUSDT,15m,1779417000000,1779417899999,77629.90000000,77666.00000000,77579.10000000,77592.94400725
binance,usdm_futures,BTCUSDT,15m,1779417900000,1779418799999,77592.94400725,77652.70000000,77557.00000000,77643.19852065
binance,usdm_futures,BTCUSDT,15m,1779418800000,1779419699999,77643.19852065,77743.80000000,77641.24358696,77675.85762500
binance,usdm_futures,BTCUSDT,15m,1779419700000,1779420599999,77675.85762500,77764.70000000,77645.08963768,77764.70000000
binance,usdm_futures,BTCUSDT,15m,1779420600000,1779421499999,77764.80000000,77772.31786957,77713.80000000,77748.00000000
binance,usdm_futures,BTCUSDT,15m,1779421500000,1779422399999,77747.90000000,77775.90000000,77711.37117391,77739.90000000
binance,usdm_futures,BTCUSDT,15m,1779422400000,1779423299999,77739.90000000,77851.46970290,77739.90000000,77839.56199275
binance,usdm_futures,BTCUSDT,15m,1779423300000,1779424199999,77841.55655797,77862.60000000,77735.00000000,77759.20033333
binance,usdm_futures,BTCUSDT,15m,1779424200000,1779425099999,77760.00000000,77766.16375000,77650.00000000,77653.08926537
binance,usdm_futures,BTCUSDT,15m,1779425100000,1779425999999,77652.78926537,77657.20000000,77600.00000000,77620.00000000
binance,usdm_futures,BTCUSDT,15m,1779426000000,1779426899999,77619.90000000,77691.80000000,77584.13863768,77645.33151449
binance,usdm_futures,BTCUSDT,15m,1779426900000,1779427799999,77645.32499275,77660.40000000,77530.40000000,77569.30000000
binance,usdm_futures,BTCUSDT,15m,1779427800000,1779428699999,77569.40000000,77607.05140180,77492.76128261,77548.24036232
binance,usdm_futures,BTCUSDT,15m,1779428700000,1779429599999,77548.24036232,77636.65573116,77422.81595652,77450.00000000
binance,usdm_futures,BTCUSDT,15m,1779429600000,1779430499999,77450.00000000,77494.00000000,77391.68931884,77450.10000000
binance,usdm_futures,BTCUSDT,15m,1779430500000,1779431399999,77450.10000000,77454.60000000,77376.98339855,77427.64453623
binance,usdm_futures,BTCUSDT,15m,1779431400000,1779432299999,77429.14214493,77431.36615217,77367.00000000,77423.70754348
binance,usdm_futures,BTCUSDT,15m,1779432300000,1779433199999,77440.80000000,77475.12798351,77330.37372645,77386.25946377
binance,usdm_futures,BTCUSDT,15m,1779433200000,1779434099999,77386.26228986,77388.90000000,77240.20000000,77339.10000000
binance,usdm_futures,BTCUSDT,15m,1779434100000,1779434999999,77339.10000000,77493.30000000,77339.00000000,77472.50000000
binance,usdm_futures,BTCUSDT,15m,1779435000000,1779435899999,77472.50000000,77514.50000000,77400.00000000,77438.00000000
binance,usdm_futures,BTCUSDT,15m,1779435900000,1779436799999,77437.90000000,77438.00000000,77358.00000000,77366.80000000
binance,usdm_futures,BTCUSDT,15m,1779436800000,1779437699999,77366.90000000,77429.40000000,77324.10000000,77366.20000000
binance,usdm_futures,BTCUSDT,15m,1779437700000,1779438599999,77369.20000000,77505.70000000,77369.20000000,77447.50000000
binance,usdm_futures,BTCUSDT,15m,1779438600000,1779439499999,77449.90000000,77468.70000000,77186.58928261,77294.10000000
binance,usdm_futures,BTCUSDT,15m,1779439500000,1779440399999,77294.00000000,77322.32905547,77223.40392804,77237.60000000
binance,usdm_futures,BTCUSDT,15m,1779440400000,1779441299999,77237.60000000,77265.40166417,77175.43098201,77179.86989855
binance,usdm_futures,BTCUSDT,15m,1779441300000,1779442199999,77179.86555072,77283.90000000,77168.90000000,77235.30000000
binance,usdm_futures,BTCUSDT,15m,1779442200000,1779443099999,77235.30000000,77293.60000000,77172.49200150,77281.19815833
binance,usdm_futures,BTCUSDT,15m,1779443100000,1779443999999,77281.21240833,77333.43740580,77226.90000000,77268.10000000
binance,usdm_futures,BTCUSDT,15m,1779444000000,1779444899999,77269.70000000,77312.63509420,77250.35591454,77274.50000000
binance,usdm_futures,BTCUSDT,15m,1779444900000,1779445799999,77274.50000000,77316.10000000,77222.40000000,77311.41846377
binance,usdm_futures,BTCUSDT,15m,1779445800000,1779446699999,77310.12271739,77335.80000000,77270.58434058,77299.00000000
binance,usdm_futures,BTCUSDT,15m,1779446700000,1779447599999,77298.90000000,77301.84380435,77242.50000000,77281.90000000
binance,usdm_futures,BTCUSDT,15m,1779447600000,1779448499999,77282.00000000,77330.20168841,77255.15202899,77265.80000000
binance,usdm_futures,BTCUSDT,15m,1779448500000,1779449399999,77265.70000000,77316.41104348,77147.39542536,77279.50000000
binance,usdm_futures,BTCUSDT,15m,1779449400000,1779450299999,77279.40000000,77317.90000000,77266.50000000,77310.50256667
binance,usdm_futures,BTCUSDT,15m,1779450300000,1779451199999,77310.50331667,77397.40000000,77287.56417241,77395.46042754
binance,usdm_futures,BTCUSDT,15m,1779451200000,1779452099999,77395.46107971,77525.70000000,77356.46812500,77488.40000000
binance,usdm_futures,BTCUSDT,15m,1779452100000,1779452999999,77493.30000000,77548.40000000,77370.40000000,77392.80000000
binance,usdm_futures,BTCUSDT,15m,1779453000000,1779453899999,77392.90000000,77431.70000000,77367.48307500,77394.60000000
