exchange,market_type,symbol,timeframe,open_time_ms,close_time_ms,open,high,low,close,volume,quote_volume,trades_count
binance,usdm_futures,RIVERUSDT,15m,1778838300000,1778839199999,7.598000,7.699000,7.584000,7.685000,139193.8,1065821.8636000,15068
binance,usdm_futures,RIVERUSDT,15m,1778839200000,1778840099999,7.685000,7.786000,7.685000,7.739000,193659.1,1499625.4210000,18764
binance,usdm_futures,RIVERUSDT,15m,1778840100000,1778840999999,7.742000,7.788000,7.622000,7.709000,220366.6,1699630.6062000,24678
binance,usdm_futures,RIVERUSDT,15m,1778841000000,1778841899999,7.709000,7.776000,7.605000,7.652000,193166.5,1485332.3894000,20201
binance,usdm_futures,RIVERUSDT,15m,1778841900000,1778842799999,7.652000,7.756000,7.651000,7.685000,113032.3,871042.9073000,14083
binance,usdm_futures,RIVERUSDT,15m,1778842800000,1778843699999,7.685000,7.769000,7.683000,7.755000,89718.3,693717.6062000,11313
binance,usdm_futures,RIVERUSDT,15m,1778843700000,1778844599999,7.756000,7.807000,7.692000,7.750000,160216.2,1242977.0770000,16583
binance,usdm_futures,RIVERUSDT,15m,1778844600000,1778845499999,7.750000,7.860000,7.676000,7.714000,284679.0,2210241.9864000,23730
binance,usdm_futures,RIVERUSDT,15m,1778845500000,1778846399999,7.715000,7.843000,7.692000,7.743000,123512.6,958452.2736000,12891
binance,usdm_futures,RIVERUSDT,15m,1778846400000,1778847299999,7.741000,7.823000,7.732000,7.755000,101500.1,789380.4878000,11857
binance,usdm_futures,RIVERUSDT,15m,1778847300000,1778848199999,7.755000,7.797000,7.527000,7.602000,356192.4,2718781.7342000,30396
binance,usdm_futures,RIVERUSDT,15m,1778848200000,1778849099999,7.602000,7.712000,7.565000,7.663000,117800.2,901071.1568000,11955
binance,usdm_futures,RIVERUSDT,15m,1778849100000,1778849999999,7.662000,7.662000,7.574000,7.658000,100114.8,762290.3078000,9810
binance,usdm_futures,RIVERUSDT,15m,1778850000000,1778850899999,7.660000,7.820000,7.643000,7.762000,158330.9,1224692.6390000,14286
binance,usdm_futures,RIVERUSDT,15m,1778850900000,1778851799999,7.762000,7.958000,7.758000,7.836000,281398.7,2210481.4926000,24999
binance,usdm_futures,RIVERUSDT,15m,1778851800000,1778852699999,7.837000,7.839000,7.546000,7.553000,353403.2,2716941.4188000,36443
binance,usdm_futures,RIVERUSDT,15m,1778852700000,1778853599999,7.552000,7.690000,7.474000,7.643000,308886.2,2342785.7837000,32074
binance,usdm_futures,RIVERUSDT,15m,1778853600000,1778854499999,7.644000,7.645000,7.433000,7.490000,224221.3,1690726.4735000,26560
binance,usdm_futures,RIVERUSDT,15m,1778854500000,1778855399999,7.492000,7.630000,7.492000,7.541000,116734.6,884995.7220000,14761
binance,usdm_futures,RIVERUSDT,15m,1778855400000,1778856299999,7.539000,7.613000,7.521000,7.576000,80224.1,608327.1402000,9951
binance,usdm_futures,RIVERUSDT,15m,1778856300000,1778857199999,7.575000,7.599000,7.274000,7.363000,323806.2,2405372.2033000,23811
binance,usdm_futures,RIVERUSDT,15m,1778857200000,1778858099999,7.364000,7.434000,7.309000,7.400000,186623.6,1375744.8475000,19298
binance,usdm_futures,RIVERUSDT,15m,1778858100000,1778858999999,7.400000,7.463000,7.339000,7.434000,87997.9,651412.9394000,10401
binance,usdm_futures,RIVERUSDT,15m,1778859000000,1778859899999,7.433000,7.490000,7.278000,7.321000,129277.0,956313.7460000,14524
binance,usdm_futures,RIVERUSDT,15m,1778859900000,1778860799999,7.321000,7.380000,7.320000,7.358000,76450.0,562316.6305000,8159
binance,usdm_futures,RIVERUSDT,15m,1778860800000,1778861699999,7.357000,7.417000,7.321000,7.394000,75377.6,555285.0102000,9320
binance,usdm_futures,RIVERUSDT,15m,1778861700000,1778862599999,7.391000,7.417000,7.301000,7.407000,104055.2,765454.4836000,10487
binance,usdm_futures,RIVERUSDT,15m,1778862600000,1778863499999,7.407000,7.465000,7.381000,7.435000,83379.8,619176.4516000,10495
binance,usdm_futures,RIVERUSDT,15m,1778863500000,1778864399999,7.436000,7.502000,7.375000,7.484000,89738.4,667368.4407000,9091
binance,usdm_futures,RIVERUSDT,15m,1778864400000,1778865299999,7.484000,7.557000,7.452000,7.471000,113244.0,851558.9753000,13187
binance,usdm_futures,RIVERUSDT,15m,1778865300000,1778866199999,7.471000,7.608000,7.464000,7.589000,81628.5,616356.8922000,9864
binance,usdm_futures,RIVERUSDT,15m,1778866200000,1778867099999,7.589000,7.610000,7.545000,7.591000,75635.8,573895.5131000,8831
binance,usdm_futures,RIVERUSDT,15m,1778867100000,1778867999999,7.590000,7.600000,7.541000,7.592000,60466.1,457874.1137000,7757
binance,usdm_futures,RIVERUSDT,15m,1778868000000,1778868899999,7.592000,7.611000,7.520000,7.555000,47609.9,359879.8333000,6546
binance,usdm_futures,RIVERUSDT,15m,1778868900000,1778869799999,7.555000,7.556000,7.453000,7.536000,70311.0,527474.9757000,8173
binance,usdm_futures,RIVERUSDT,15m,1778869800000,1778870699999,7.535000,7.619000,7.505000,7.605000,73210.9,554177.6249000,8482
binance,usdm_futures,RIVERUSDT,15m,1778870700000,1778871599999,7.603000,7.668000,7.580000,7.603000,78489.5,598098.8414000,8638
binance,usdm_futures,RIVERUSDT,15m,1778871600000,1778872499999,7.602000,7.617000,7.550000,7.565000,55296.8,419100.4664000,8507
binance,usdm_futures,RIVERUSDT,15m,1778872500000,1778873399999,7.565000,7.603000,7.528000,7.569000,34833.2,263536.6352000,4926
binance,usdm_futures,RIVERUSDT,15m,1778873400000,1778874299999,7.570000,7.632000,7.570000,7.621000,34492.2,262160.2445000,4985
binance,usdm_futures,RIVERUSDT,15m,1778874300000,1778875199999,7.621000,7.624000,7.567000,7.584000,36243.8,275180.3494000,4851
binance,usdm_futures,RIVERUSDT,15m,1778875200000,1778876099999,7.583000,7.619000,7.557000,7.605000,38947.2,295554.4225000,5502
binance,usdm_futures,RIVERUSDT,15m,1778876100000,1778876999999,7.604000,7.611000,7.519000,7.559000,49925.8,377330.4164000,6036
binance,usdm_futures,RIVERUSDT,15m,1778877000000,1778877899999,7.560000,7.627000,7.553000,7.607000,44803.8,340206.3182000,5416
binance,usdm_futures,RIVERUSDT,15m,1778877900000,1778878799999,7.607000,7.625000,7.566000,7.598000,52304.7,397468.0851000,5553
binance,usdm_futures,RIVERUSDT,15m,1778878800000,1778879699999,7.600000,7.623000,7.493000,7.523000,78767.9,594846.2653000,7415
binance,usdm_futures,RIVERUSDT,15m,1778879700000,1778880599999,7.522000,7.585000,7.498000,7.581000,30185.2,227528.0756000,3794
binance,usdm_futures,RIVERUSDT,15m,1778880600000,1778881499999,7.581000,7.605000,7.500000,7.502000,57264.1,431925.3715000,5335
binance,usdm_futures,RIVERUSDT,15m,1778881500000,1778882399999,7.504000,7.530000,7.453000,7.499000,38804.3,290302.8629000,4604
binance,usdm_futures,RIVERUSDT,15m,1778882400000,1778883299999,7.500000,7.514000,7.423000,7.460000,54792.5,408665.7329000,6004
binance,usdm_futures,RIVERUSDT,15m,1778883300000,1778884199999,7.460000,7.496000,7.453000,7.493000,17502.9,130836.7267000,2924
binance,usdm_futures,RIVERUSDT,15m,1778884200000,1778885099999,7.493000,7.514000,7.426000,7.433000,29366.4,219105.5753000,4013
binance,usdm_futures,RIVERUSDT,15m,1778885100000,1778885999999,7.433000,7.441000,7.370000,7.423000,48852.2,361823.5640000,5219
binance,usdm_futures,RIVERUSDT,15m,1778886000000,1778886899999,7.423000,7.435000,7.243000,7.322000,269975.6,1978223.7940000,17549
binance,usdm_futures,RIVERUSDT,15m,1778886900000,1778887799999,7.322000,7.332000,7.231000,7.310000,188119.6,1371512.8167000,12980
binance,usdm_futures,RIVERUSDT,15m,1778887800000,1778888699999,7.310000,7.366000,7.291000,7.346000,58468.5,428243.1571000,6726
binance,usdm_futures,RIVERUSDT,15m,1778888700000,1778889599999,7.346000,7.349000,7.299000,7.313000,27148.4,198873.8248000,4308
binance,usdm_futures,RIVERUSDT,15m,1778889600000,1778890499999,7.315000,7.362000,7.244000,7.339000,54692.4,399993.6654000,7606
binance,usdm_futures,RIVERUSDT,15m,1778890500000,1778891399999,7.339000,7.449000,7.324000,7.404000,75366.2,557883.5776000,9160
binance,usdm_futures,RIVERUSDT,15m,1778891400000,1778892299999,7.405000,7.454000,7.393000,7.395000,52636.8,390773.4705000,6746
binance,usdm_futures,RIVERUSDT,15m,1778892300000,1778893199999,7.394000,7.395000,7.264000,7.285000,90783.6,663950.0652000,10441
binance,usdm_futures,RIVERUSDT,15m,1778893200000,1778894099999,7.286000,7.333000,7.169000,7.253000,148485.2,1074327.5918000,14539
binance,usdm_futures,RIVERUSDT,15m,1778894100000,1778894999999,7.253000,7.261000,7.181000,7.182000,60458.0,436138.7242000,6780
binance,usdm_futures,RIVERUSDT,15m,1778895000000,1778895899999,7.182000,7.300000,7.178000,7.292000,75123.4,544883.8513000,8729
binance,usdm_futures,RIVERUSDT,15m,1778895900000,1778896799999,7.293000,7.312000,7.206000,7.275000,63839.3,462625.5380000,7895
binance,usdm_futures,RIVERUSDT,15m,1778896800000,1778897699999,7.275000,7.330000,7.201000,7.212000,60399.7,438680.6642000,8555
binance,usdm_futures,RIVERUSDT,15m,1778897700000,1778898599999,7.212000,7.249000,7.171000,7.191000,58922.3,424817.7501000,7473
binance,usdm_futures,RIVERUSDT,15m,1778898600000,1778899499999,7.190000,7.210000,7.143000,7.164000,93834.2,672910.1981000,10032
binance,usdm_futures,RIVERUSDT,15m,1778899500000,1778900399999,7.164000,7.205000,7.021000,7.096000,179736.8,1277277.4217000,15111
binance,usdm_futures,RIVERUSDT,15m,1778900400000,1778901299999,7.096000,7.172000,7.092000,7.154000,61935.3,442108.4733000,7254
binance,usdm_futures,RIVERUSDT,15m,1778901300000,1778902199999,7.155000,7.159000,7.098000,7.128000,54120.8,385860.7011000,6312
binance,usdm_futures,RIVERUSDT,15m,1778902200000,1778903099999,7.129000,7.139000,7.076000,7.106000,43968.7,312414.3418000,5739
binance,usdm_futures,RIVERUSDT,15m,1778903100000,1778903999999,7.106000,7.128000,7.075000,7.128000,45971.6,326258.2173000,5776
binance,usdm_futures,RIVERUSDT,15m,1778904000000,1778904899999,7.127000,7.173000,7.070000,7.166000,64411.6,458786.3238000,9005
binance,usdm_futures,RIVERUSDT,15m,1778904900000,1778905799999,7.166000,7.188000,7.084000,7.089000,52483.3,375111.1298000,6738
binance,usdm_futures,RIVERUSDT,15m,1778905800000,1778906699999,7.088000,7.095000,6.962000,7.008000,185838.9,1303405.2870000,15354
binance,usdm_futures,RIVERUSDT,15m,1778906700000,1778907599999,7.007000,7.070000,7.006000,7.069000,49088.3,345002.4546000,5798
binance,usdm_futures,RIVERUSDT,15m,1778907600000,1778908499999,7.070000,7.111000,6.991000,7.033000,63029.0,443948.1281000,7313
binance,usdm_futures,RIVERUSDT,15m,1778908500000,1778909399999,7.033000,7.033000,6.977000,6.988000,49934.2,349483.9064000,5515
binance,usdm_futures,RIVERUSDT,15m,1778909400000,1778910299999,6.987000,7.029000,6.982000,6.986000,32703.9,228999.0581000,4324
binance,usdm_futures,RIVERUSDT,15m,1778910300000,1778911199999,6.985000,7.027000,6.976000,7.001000,29052.7,203537.8269000,3979
binance,usdm_futures,RIVERUSDT,15m,1778911200000,1778912099999,7.002000,7.004000,6.906000,6.921000,144115.1,1000414.9418000,12735
binance,usdm_futures,RIVERUSDT,15m,1778912100000,1778912999999,6.921000,7.019000,6.906000,7.005000,80255.0,558960.4936000,9173
binance,usdm_futures,RIVERUSDT,15m,1778913000000,1778913899999,7.005000,7.042000,6.980000,7.032000,60126.9,421435.1455000,6881
binance,usdm_futures,RIVERUSDT,15m,1778913900000,1778914799999,7.032000,7.113000,7.020000,7.094000,149686.0,1058271.7321000,11875
binance,usdm_futures,RIVERUSDT,15m,1778914800000,1778915699999,7.095000,7.161000,7.036000,7.154000,159329.8,1130211.1851000,16192
binance,usdm_futures,RIVERUSDT,15m,1778915700000,1778916599999,7.156000,7.174000,6.971000,7.005000,192275.9,1359541.5628000,17064
binance,usdm_futures,RIVERUSDT,15m,1778916600000,1778917499999,7.005000,7.054000,6.940000,7.048000,109394.8,764511.7664000,10463
binance,usdm_futures,RIVERUSDT,15m,1778917500000,1778918399999,7.050000,7.050000,6.982000,6.989000,50556.8,354456.9135000,5978
binance,usdm_futures,RIVERUSDT,15m,1778918400000,1778919299999,6.990000,7.024000,6.958000,6.984000,40635.6,283976.1277000,5804
binance,usdm_futures,RIVERUSDT,15m,1778919300000,1778920199999,6.984000,7.086000,6.977000,7.058000,52543.5,369974.1465000,6876
binance,usdm_futures,RIVERUSDT,15m,1778920200000,1778921099999,7.058000,7.104000,7.047000,7.071000,61120.5,432726.9306000,7407
binance,usdm_futures,RIVERUSDT,15m,1778921100000,1778921999999,7.070000,7.139000,7.063000,7.133000,61865.1,439603.1309000,8061
binance,usdm_futures,RIVERUSDT,15m,1778922000000,1778922899999,7.133000,7.152000,7.097000,7.116000,74153.3,528206.4237000,8789
binance,usdm_futures,RIVERUSDT,15m,1778922900000,1778923799999,7.116000,7.125000,7.079000,7.101000,85841.3,609238.7339000,10159
binance,usdm_futures,RIVERUSDT,15m,1778923800000,1778924699999,7.103000,7.227000,7.096000,7.174000,115013.0,826187.4502000,11159
binance,usdm_futures,RIVERUSDT,15m,1778924700000,1778925599999,7.175000,7.238000,7.171000,7.199000,78938.2,568654.9426000,8473
binance,usdm_futures,RIVERUSDT,15m,1778925600000,1778926499999,7.197000,7.262000,7.196000,7.222000,98950.1,716219.0294000,9939
binance,usdm_futures,RIVERUSDT,15m,1778926500000,1778927399999,7.223000,7.235000,7.112000,7.200000,121932.5,873410.4992000,11320
binance,usdm_futures,RIVERUSDT,15m,1778927400000,1778928299999,7.201000,7.289000,7.192000,7.226000,87906.2,637425.6813000,7689
binance,usdm_futures,RIVERUSDT,15m,1778928300000,1778929199999,7.226000,7.330000,7.224000,7.322000,93759.6,683559.3289000,8508
binance,usdm_futures,RIVERUSDT,15m,1778929200000,1778930099999,7.321000,7.366000,7.281000,7.355000,91399.7,669070.4491000,8922
binance,usdm_futures,RIVERUSDT,15m,1778930100000,1778930999999,7.355000,7.417000,7.339000,7.387000,104925.3,774049.8872000,10056
binance,usdm_futures,RIVERUSDT,15m,1778931000000,1778931899999,7.387000,7.441000,7.355000,7.421000,95925.6,709875.4578000,9750
binance,usdm_futures,RIVERUSDT,15m,1778931900000,1778932799999,7.421000,7.543000,7.406000,7.478000,191050.4,1428844.1312000,16736
binance,usdm_futures,RIVERUSDT,15m,1778932800000,1778933699999,7.476000,7.588000,7.476000,7.565000,161837.3,1219389.4635000,14582
binance,usdm_futures,RIVERUSDT,15m,1778933700000,1778934599999,7.566000,7.635000,7.485000,7.626000,151910.1,1148644.4312000,15089
binance,usdm_futures,RIVERUSDT,15m,1778934600000,1778935499999,7.626000,7.790000,7.625000,7.752000,376032.2,2899565.2629000,27223
binance,usdm_futures,RIVERUSDT,15m,1778935500000,1778936399999,7.753000,7.923000,7.553000,7.639000,826284.6,6409291.9274000,68491
binance,usdm_futures,RIVERUSDT,15m,1778936400000,1778937299999,7.640000,7.665000,7.412000,7.580000,498138.2,3752587.7582000,48398
binance,usdm_futures,RIVERUSDT,15m,1778937300000,1778938199999,7.579000,7.586000,7.460000,7.512000,190275.0,1428798.4488000,18543
binance,usdm_futures,RIVERUSDT,15m,1778938200000,1778939099999,7.511000,7.588000,7.444000,7.540000,163016.5,1227062.0308000,18805
binance,usdm_futures,RIVERUSDT,15m,1778939100000,1778939999999,7.539000,7.585000,7.456000,7.564000,93751.3,706097.9151000,13005
binance,usdm_futures,RIVERUSDT,15m,1778940000000,1778940899999,7.564000,7.583000,7.490000,7.569000,79956.0,603034.7161000,10456
binance,usdm_futures,RIVERUSDT,15m,1778940900000,1778941799999,7.568000,7.568000,7.480000,7.497000,73260.0,550326.0392000,10099
binance,usdm_futures,RIVERUSDT,15m,1778941800000,1778942699999,7.497000,7.557000,7.480000,7.523000,55657.8,418244.2461000,7539
binance,usdm_futures,RIVERUSDT,15m,1778942700000,1778943599999,7.523000,7.574000,7.471000,7.516000,82740.4,621960.9579000,10282
binance,usdm_futures,RIVERUSDT,15m,1778943600000,1778944499999,7.515000,7.564000,7.422000,7.463000,128082.1,960246.4605000,14811
binance,usdm_futures,RIVERUSDT,15m,1778944500000,1778945399999,7.463000,7.492000,7.323000,7.350000,254837.4,1882201.6643000,24025
binance,usdm_futures,RIVERUSDT,15m,1778945400000,1778946299999,7.351000,7.498000,7.273000,7.459000,289045.8,2133407.9516000,26042
binance,usdm_futures,RIVERUSDT,15m,1778946300000,1778947199999,7.459000,7.531000,7.437000,7.473000,81674.3,612269.4224000,9231
binance,usdm_futures,RIVERUSDT,15m,1778947200000,1778948099999,7.473000,7.537000,7.433000,7.510000,99200.6,743148.8540000,11474
binance,usdm_futures,RIVERUSDT,15m,1778948100000,1778948999999,7.509000,7.549000,7.464000,7.540000,71078.9,533899.5613000,8641
binance,usdm_futures,RIVERUSDT,15m,1778949000000,1778949899999,7.539000,7.628000,7.514000,7.535000,121375.1,919391.4586000,13303
binance,usdm_futures,RIVERUSDT,15m,1778949900000,1778950799999,7.536000,7.610000,7.472000,7.581000,133933.2,1010581.6840000,14238
binance,usdm_futures,RIVERUSDT,15m,1778950800000,1778951699999,7.583000,7.634000,7.542000,7.587000,79593.0,604425.1699000,10026
binance,usdm_futures,RIVERUSDT,15m,1778951700000,1778952599999,7.587000,7.645000,7.552000,7.635000,73103.0,555385.5761000,8401
binance,usdm_futures,RIVERUSDT,15m,1778952600000,1778953499999,7.636000,7.670000,7.606000,7.629000,70819.7,540810.5645000,7588
binance,usdm_futures,RIVERUSDT,15m,1778953500000,1778954399999,7.630000,7.655000,7.607000,7.624000,41558.3,317020.0221000,5426
binance,usdm_futures,RIVERUSDT,15m,1778954400000,1778955299999,7.623000,7.635000,7.591000,7.613000,51339.5,390829.5055000,6419
binance,usdm_futures,RIVERUSDT,15m,1778955300000,1778956199999,7.612000,7.677000,7.610000,7.650000,53936.5,412432.6818000,6148
binance,usdm_futures,RIVERUSDT,15m,1778956200000,1778957099999,7.649000,7.714000,7.630000,7.667000,74773.4,574214.7190000,7635
binance,usdm_futures,RIVERUSDT,15m,1778957100000,1778957999999,7.668000,7.711000,7.667000,7.690000,29364.7,225814.3051000,4047
binance,usdm_futures,RIVERUSDT,15m,1778958000000,1778958899999,7.690000,7.795000,7.687000,7.765000,92681.7,718550.5111000,9502
binance,usdm_futures,RIVERUSDT,15m,1778958900000,1778959799999,7.766000,7.785000,7.725000,7.763000,66522.6,516005.1353000,6992
binance,usdm_futures,RIVERUSDT,15m,1778959800000,1778960699999,7.763000,7.775000,7.733000,7.759000,38901.5,301631.4588000,5118
binance,usdm_futures,RIVERUSDT,15m,1778960700000,1778961599999,7.759000,7.813000,7.725000,7.795000,48835.2,379482.3872000,5577
binance,usdm_futures,RIVERUSDT,15m,1778961600000,1778962499999,7.796000,7.859000,7.758000,7.834000,118557.0,926311.7441000,10228
binance,usdm_futures,RIVERUSDT,15m,1778962500000,1778963399999,7.834000,7.855000,7.764000,7.777000,92370.2,721926.7761000,8806
binance,usdm_futures,RIVERUSDT,15m,1778963400000,1778964299999,7.777000,7.793000,7.662000,7.662000,141157.6,1088638.3301000,13607
binance,usdm_futures,RIVERUSDT,15m,1778964300000,1778965199999,7.663000,7.718000,7.634000,7.696000,59074.1,453860.5585000,6401
binance,usdm_futures,RIVERUSDT,15m,1778965200000,1778966099999,7.695000,7.724000,7.670000,7.676000,40029.7,308094.3175000,4915
binance,usdm_futures,RIVERUSDT,15m,1778966100000,1778966999999,7.677000,7.687000,7.631000,7.648000,41287.2,315897.0414000,4686
binance,usdm_futures,RIVERUSDT,15m,1778967000000,1778967899999,7.648000,7.710000,7.604000,7.629000,66693.0,510573.4449000,5185
binance,usdm_futures,RIVERUSDT,15m,1778967900000,1778968799999,7.630000,7.758000,7.623000,7.729000,44615.3,343196.4794000,5012
binance,usdm_futures,RIVERUSDT,15m,1778968800000,1778969699999,7.732000,7.748000,7.677000,7.744000,40323.7,310648.7713000,5358
binance,usdm_futures,RIVERUSDT,15m,1778969700000,1778970599999,7.743000,7.794000,7.723000,7.753000,53992.1,419059.0649000,6086
binance,usdm_futures,RIVERUSDT,15m,1778970600000,1778971499999,7.753000,7.785000,7.663000,7.666000,68244.1,527173.5057000,8225
binance,usdm_futures,RIVERUSDT,15m,1778971500000,1778972399999,7.666000,7.672000,7.531000,7.565000,122150.3,928345.0865000,11144
binance,usdm_futures,RIVERUSDT,15m,1778972400000,1778973299999,7.565000,7.577000,7.515000,7.523000,66270.9,499928.0568000,7914
binance,usdm_futures,RIVERUSDT,15m,1778973300000,1778974199999,7.522000,7.567000,7.472000,7.563000,103871.1,780497.5489000,10928
binance,usdm_futures,RIVERUSDT,15m,1778974200000,1778975099999,7.563000,7.608000,7.507000,7.520000,58236.1,440169.7035000,6042
binance,usdm_futures,RIVERUSDT,15m,1778975100000,1778975999999,7.521000,7.551000,7.440000,7.488000,78207.4,585890.9076000,7686
binance,usdm_futures,RIVERUSDT,15m,1778976000000,1778976899999,7.487000,7.539000,7.469000,7.472000,55685.4,418350.2600000,6231
binance,usdm_futures,RIVERUSDT,15m,1778976900000,1778977799999,7.473000,7.527000,7.457000,7.508000,35089.1,262942.1282000,4361
binance,usdm_futures,RIVERUSDT,15m,1778977800000,1778978699999,7.508000,7.531000,7.462000,7.498000,50727.3,380318.7061000,6376
binance,usdm_futures,RIVERUSDT,15m,1778978700000,1778979599999,7.499000,7.573000,7.480000,7.547000,59755.3,450450.4515000,6950
binance,usdm_futures,RIVERUSDT,15m,1778979600000,1778980499999,7.548000,7.562000,7.434000,7.458000,78855.5,591564.7476000,9043
binance,usdm_futures,RIVERUSDT,15m,1778980500000,1778981399999,7.458000,7.475000,7.363000,7.405000,94517.1,701455.1086000,9040
binance,usdm_futures,RIVERUSDT,15m,1778981400000,1778982299999,7.403000,7.447000,7.379000,7.447000,69313.2,513655.8415000,7930
binance,usdm_futures,RIVERUSDT,15m,1778982300000,1778983199999,7.445000,7.459000,7.331000,7.343000,75144.3,554778.2243000,8798
binance,usdm_futures,RIVERUSDT,15m,1778983200000,1778984099999,7.343000,7.413000,7.280000,7.377000,118559.0,870597.4716000,12045
binance,usdm_futures,RIVERUSDT,15m,1778984100000,1778984999999,7.378000,7.424000,7.319000,7.396000,65726.2,484788.6881000,7804
binance,usdm_futures,RIVERUSDT,15m,1778985000000,1778985899999,7.396000,7.416000,7.352000,7.370000,35882.9,265060.4581000,5265
binance,usdm_futures,RIVERUSDT,15m,1778985900000,1778986799999,7.370000,7.373000,7.228000,7.247000,123870.3,902926.3284000,11736
binance,usdm_futures,RIVERUSDT,15m,1778986800000,1778987699999,7.248000,7.306000,7.223000,7.291000,96526.2,701892.2011000,9814
binance,usdm_futures,RIVERUSDT,15m,1778987700000,1778988599999,7.290000,7.357000,7.287000,7.329000,48634.1,356670.8887000,6221
binance,usdm_futures,RIVERUSDT,15m,1778988600000,1778989499999,7.329000,7.410000,7.324000,7.384000,78718.7,580757.4257000,7955
binance,usdm_futures,RIVERUSDT,15m,1778989500000,1778990399999,7.385000,7.433000,7.360000,7.410000,64316.8,476144.5631000,6557
binance,usdm_futures,RIVERUSDT,15m,1778990400000,1778991299999,7.412000,7.458000,7.371000,7.439000,67102.6,497216.4362000,7425
binance,usdm_futures,RIVERUSDT,15m,1778991300000,1778992199999,7.440000,7.472000,7.413000,7.471000,36831.7,273830.4844000,4847
binance,usdm_futures,RIVERUSDT,15m,1778992200000,1778993099999,7.469000,7.513000,7.429000,7.483000,100469.1,751396.4710000,9980
binance,usdm_futures,RIVERUSDT,15m,1778993100000,1778993999999,7.481000,7.541000,7.464000,7.538000,91977.3,690206.4696000,9709
binance,usdm_futures,RIVERUSDT,15m,1778994000000,1778994899999,7.537000,7.542000,7.443000,7.464000,72691.0,544531.6003000,9248
binance,usdm_futures,RIVERUSDT,15m,1778994900000,1778995799999,7.463000,7.484000,7.338000,7.423000,125731.1,930773.1560000,12495
binance,usdm_futures,RIVERUSDT,15m,1778995800000,1778996699999,7.422000,7.506000,7.415000,7.471000,90762.2,678267.5162000,9017
binance,usdm_futures,RIVERUSDT,15m,1778996700000,1778997599999,7.471000,7.609000,7.467000,7.591000,114991.4,868449.9199000,11094
binance,usdm_futures,RIVERUSDT,15m,1778997600000,1778998499999,7.592000,7.657000,7.572000,7.626000,113927.9,866990.8003000,11735
binance,usdm_futures,RIVERUSDT,15m,1778998500000,1778999399999,7.622000,7.738000,7.589000,7.651000,142682.2,1094031.0338000,14529
binance,usdm_futures,RIVERUSDT,15m,1778999400000,1779000299999,7.651000,7.671000,7.536000,7.555000,137309.0,1042296.4194000,14251
binance,usdm_futures,RIVERUSDT,15m,1779000300000,1779001199999,7.556000,7.593000,7.506000,7.515000,85759.4,647414.4650000,9136
binance,usdm_futures,RIVERUSDT,15m,1779001200000,1779002099999,7.514000,7.570000,7.484000,7.564000,65152.8,490690.0011000,8850
binance,usdm_futures,RIVERUSDT,15m,1779002100000,1779002999999,7.564000,7.580000,7.473000,7.558000,79774.7,601208.2727000,9725
binance,usdm_futures,RIVERUSDT,15m,1779003000000,1779003899999,7.558000,7.574000,7.479000,7.496000,90051.9,677038.0164000,8918
binance,usdm_futures,RIVERUSDT,15m,1779003900000,1779004799999,7.495000,7.504000,7.358000,7.450000,142020.8,1055411.9865000,14591
binance,usdm_futures,RIVERUSDT,15m,1779004800000,1779005699999,7.451000,7.460000,7.382000,7.422000,95996.2,713438.2172000,9878
binance,usdm_futures,RIVERUSDT,15m,1779005700000,1779006599999,7.421000,7.469000,7.401000,7.410000,57502.4,427594.4505000,5908
binance,usdm_futures,RIVERUSDT,15m,1779006600000,1779007499999,7.412000,7.449000,7.376000,7.391000,53800.9,398835.5691000,5949
binance,usdm_futures,RIVERUSDT,15m,1779007500000,1779008399999,7.391000,7.452000,7.383000,7.450000,45539.0,337616.4272000,5141
binance,usdm_futures,RIVERUSDT,15m,1779008400000,1779009299999,7.450000,7.463000,7.326000,7.364000,89055.9,657251.2639000,9065
binance,usdm_futures,RIVERUSDT,15m,1779009300000,1779010199999,7.364000,7.392000,7.337000,7.367000,46400.0,341462.1294000,5671
binance,usdm_futures,RIVERUSDT,15m,1779010200000,1779011099999,7.366000,7.405000,7.357000,7.399000,42013.0,310151.4873000,4964
binance,usdm_futures,RIVERUSDT,15m,1779011100000,1779011999999,7.399000,7.438000,7.394000,7.435000,77047.4,571433.9022000,7268
binance,usdm_futures,RIVERUSDT,15m,1779012000000,1779012899999,7.435000,7.563000,7.418000,7.549000,122461.1,915798.3079000,11312
binance,usdm_futures,RIVERUSDT,15m,1779012900000,1779013799999,7.549000,7.565000,7.506000,7.551000,89528.9,674600.8462000,9953
binance,usdm_futures,RIVERUSDT,15m,1779013800000,1779014699999,7.550000,7.613000,7.541000,7.607000,96501.9,731537.0170000,9623
binance,usdm_futures,RIVERUSDT,15m,1779014700000,1779015599999,7.605000,7.610000,7.535000,7.539000,84117.5,637065.0365000,7732
binance,usdm_futures,RIVERUSDT,15m,1779015600000,1779016499999,7.540000,7.622000,7.540000,7.605000,60459.1,459015.4315000,6538
binance,usdm_futures,RIVERUSDT,15m,1779016500000,1779017399999,7.605000,7.619000,7.565000,7.577000,60285.9,457917.7211000,5928
binance,usdm_futures,RIVERUSDT,15m,1779017400000,1779018299999,7.577000,7.727000,7.505000,7.521000,271932.8,2073798.5322000,17242
binance,usdm_futures,RIVERUSDT,15m,1779018300000,1779019199999,7.521000,7.536000,7.385000,7.436000,332865.2,2483708.2423000,19470
binance,usdm_futures,RIVERUSDT,15m,1779019200000,1779020099999,7.436000,7.530000,7.430000,7.486000,93217.4,697036.8429000,9257
binance,usdm_futures,RIVERUSDT,15m,1779020100000,1779020999999,7.486000,7.515000,7.442000,7.484000,52726.6,394509.9507000,5482
binance,usdm_futures,RIVERUSDT,15m,1779021000000,1779021899999,7.485000,7.596000,7.484000,7.548000,59244.4,446984.4663000,6172
binance,usdm_futures,RIVERUSDT,15m,1779021900000,1779022799999,7.548000,7.588000,7.520000,7.549000,49168.5,371460.2969000,5672
binance,usdm_futures,RIVERUSDT,15m,1779022800000,1779023699999,7.550000,7.610000,7.548000,7.577000,45737.3,346651.7085000,4927
binance,usdm_futures,RIVERUSDT,15m,1779023700000,1779024599999,7.578000,7.580000,7.483000,7.529000,86042.9,647338.2727000,7890
binance,usdm_futures,RIVERUSDT,15m,1779024600000,1779025499999,7.529000,7.553000,7.491000,7.551000,39666.6,298303.4330000,4285
binance,usdm_futures,RIVERUSDT,15m,1779025500000,1779026399999,7.550000,7.569000,7.520000,7.526000,40414.2,305025.1963000,4007
binance,usdm_futures,RIVERUSDT,15m,1779026400000,1779027299999,7.526000,7.588000,7.453000,7.570000,108921.1,818651.8774000,10275
binance,usdm_futures,RIVERUSDT,15m,1779027300000,1779028199999,7.571000,7.644000,7.442000,7.444000,340444.8,2577202.3341000,18446
binance,usdm_futures,RIVERUSDT,15m,1779028200000,1779029099999,7.443000,7.478000,7.420000,7.471000,65525.3,488036.9158000,7011
binance,usdm_futures,RIVERUSDT,15m,1779029100000,1779029999999,7.471000,7.482000,7.405000,7.439000,54466.7,405476.1277000,6001
binance,usdm_futures,RIVERUSDT,15m,1779030000000,1779030899999,7.440000,7.464000,7.382000,7.432000,64851.9,481285.4544000,6943
binance,usdm_futures,RIVERUSDT,15m,1779030900000,1779031799999,7.431000,7.477000,7.363000,7.464000,67592.5,500981.0621000,7578
binance,usdm_futures,RIVERUSDT,15m,1779031800000,1779032699999,7.465000,7.480000,7.444000,7.472000,35963.8,268317.7934000,4436
binance,usdm_futures,RIVERUSDT,15m,1779032700000,1779033599999,7.473000,7.476000,7.395000,7.405000,38260.6,284000.5259000,4144
binance,usdm_futures,RIVERUSDT,15m,1779033600000,1779034499999,7.404000,7.442000,7.365000,7.385000,52858.2,391123.0836000,6158
binance,usdm_futures,RIVERUSDT,15m,1779034500000,1779035399999,7.386000,7.449000,7.377000,7.443000,32588.3,241565.4665000,4134
binance,usdm_futures,RIVERUSDT,15m,1779035400000,1779036299999,7.443000,7.481000,7.431000,7.464000,39243.8,292682.0311000,4313
binance,usdm_futures,RIVERUSDT,15m,1779036300000,1779037199999,7.464000,7.468000,7.389000,7.402000,25555.2,189663.7851000,3363
binance,usdm_futures,RIVERUSDT,15m,1779037200000,1779038099999,7.401000,7.408000,7.308000,7.321000,94238.4,691917.8464000,7682
binance,usdm_futures,RIVERUSDT,15m,1779038100000,1779038999999,7.320000,7.370000,7.264000,7.305000,80229.7,586845.8285000,7016
binance,usdm_futures,RIVERUSDT,15m,1779039000000,1779039899999,7.305000,7.320000,7.241000,7.279000,69990.6,508924.7493000,8549
binance,usdm_futures,RIVERUSDT,15m,1779039900000,1779040799999,7.279000,7.349000,7.272000,7.338000,43990.6,321109.0186000,5039
binance,usdm_futures,RIVERUSDT,15m,1779040800000,1779041699999,7.338000,7.352000,7.311000,7.347000,57439.2,421097.4357000,5204
binance,usdm_futures,RIVERUSDT,15m,1779041700000,1779042599999,7.346000,7.351000,7.266000,7.305000,41346.5,302023.5717000,4330
binance,usdm_futures,RIVERUSDT,15m,1779042600000,1779043499999,7.304000,7.361000,7.299000,7.346000,31899.6,234051.4953000,3691
binance,usdm_futures,RIVERUSDT,15m,1779043500000,1779044399999,7.346000,7.436000,7.336000,7.434000,52301.9,385977.0977000,4926
binance,usdm_futures,RIVERUSDT,15m,1779044400000,1779045299999,7.434000,7.547000,7.433000,7.541000,115005.6,861656.2647000,10339
binance,usdm_futures,RIVERUSDT,15m,1779045300000,1779046199999,7.541000,7.553000,7.490000,7.521000,66058.9,497391.2731000,6463
binance,usdm_futures,RIVERUSDT,15m,1779046200000,1779047099999,7.521000,7.556000,7.500000,7.535000,43515.5,327700.5454000,5245
binance,usdm_futures,RIVERUSDT,15m,1779047100000,1779047999999,7.536000,7.585000,7.510000,7.539000,44458.2,335860.5744000,5265
binance,usdm_futures,RIVERUSDT,15m,1779048000000,1779048899999,7.538000,7.583000,7.538000,7.571000,33944.7,256575.7089000,4307
binance,usdm_futures,RIVERUSDT,15m,1779048900000,1779049799999,7.572000,7.588000,7.549000,7.567000,31042.1,234955.8500000,3362
binance,usdm_futures,RIVERUSDT,15m,1779049800000,1779050699999,7.567000,7.578000,7.518000,7.523000,74267.6,560370.8131000,5006
binance,usdm_futures,RIVERUSDT,15m,1779050700000,1779051599999,7.522000,7.536000,7.399000,7.520000,282453.2,2105477.2983000,12859
binance,usdm_futures,RIVERUSDT,15m,1779051600000,1779052499999,7.520000,7.685000,7.508000,7.594000,210184.3,1599936.8154000,14844
binance,usdm_futures,RIVERUSDT,15m,1779052500000,1779053399999,7.594000,7.612000,7.565000,7.600000,30224.3,229317.8497000,3538
binance,usdm_futures,RIVERUSDT,15m,1779053400000,1779054299999,7.600000,7.622000,7.573000,7.573000,33979.6,258253.3593000,3370
binance,usdm_futures,RIVERUSDT,15m,1779054300000,1779055199999,7.577000,7.622000,7.563000,7.608000,24854.8,188770.6536000,2885
binance,usdm_futures,RIVERUSDT,15m,1779055200000,1779056099999,7.608000,7.630000,7.535000,7.553000,36452.9,276624.5844000,5006
binance,usdm_futures,RIVERUSDT,15m,1779056100000,1779056999999,7.553000,7.578000,7.513000,7.517000,23646.9,178228.2721000,2774
binance,usdm_futures,RIVERUSDT,15m,1779057000000,1779057899999,7.516000,7.560000,7.509000,7.520000,25241.3,190161.5505000,2828
binance,usdm_futures,RIVERUSDT,15m,1779057900000,1779058799999,7.521000,7.521000,7.471000,7.498000,26113.6,195714.4698000,3095
binance,usdm_futures,RIVERUSDT,15m,1779058800000,1779059699999,7.499000,7.532000,7.462000,7.509000,29870.6,223805.6313000,4002
binance,usdm_futures,RIVERUSDT,15m,1779059700000,1779060599999,7.509000,7.518000,7.433000,7.443000,42388.3,316319.5062000,4492
binance,usdm_futures,RIVERUSDT,15m,1779060600000,1779061499999,7.442000,7.484000,7.002000,7.206000,349513.4,2520021.7729000,23866
binance,usdm_futures,RIVERUSDT,15m,1779061500000,1779062399999,7.207000,7.278000,7.157000,7.260000,139252.0,1004590.3277000,13438
binance,usdm_futures,RIVERUSDT,15m,1779062400000,1779063299999,7.260000,7.264000,7.102000,7.106000,155445.9,1114307.1330000,13134
binance,usdm_futures,RIVERUSDT,15m,1779063300000,1779064199999,7.105000,7.221000,7.082000,7.163000,214803.1,1536572.8950000,11992
binance,usdm_futures,RIVERUSDT,15m,1779064200000,1779065099999,7.163000,7.170000,7.095000,7.164000,59408.0,423414.6781000,6923
binance,usdm_futures,RIVERUSDT,15m,1779065100000,1779065999999,7.164000,7.306000,7.163000,7.293000,82889.1,598801.5323000,9154
binance,usdm_futures,RIVERUSDT,15m,1779066000000,1779066899999,7.293000,7.325000,7.243000,7.248000,75692.3,551816.7072000,9159
binance,usdm_futures,RIVERUSDT,15m,1779066900000,1779067799999,7.248000,7.253000,7.190000,7.202000,59458.1,429273.9980000,8075
binance,usdm_futures,RIVERUSDT,15m,1779067800000,1779068699999,7.202000,7.309000,7.199000,7.282000,60494.2,439360.4693000,8018
binance,usdm_futures,RIVERUSDT,15m,1779068700000,1779069599999,7.282000,7.316000,7.270000,7.278000,58425.1,426495.3976000,6527
binance,usdm_futures,RIVERUSDT,15m,1779069600000,1779070499999,7.278000,7.376000,7.252000,7.374000,56965.0,417479.5351000,7904
binance,usdm_futures,RIVERUSDT,15m,1779070500000,1779071399999,7.374000,7.428000,7.365000,7.382000,71446.8,528443.4069000,7628
binance,usdm_futures,RIVERUSDT,15m,1779071400000,1779072299999,7.382000,7.422000,7.341000,7.396000,53626.9,395973.2368000,5737
binance,usdm_futures,RIVERUSDT,15m,1779072300000,1779073199999,7.396000,7.437000,7.369000,7.394000,49219.7,364524.2496000,5779
binance,usdm_futures,RIVERUSDT,15m,1779073200000,1779074099999,7.395000,7.433000,7.381000,7.395000,50129.8,371403.8996000,5942
binance,usdm_futures,RIVERUSDT,15m,1779074100000,1779074999999,7.395000,7.407000,7.343000,7.359000,33927.1,249920.3444000,4706
binance,usdm_futures,RIVERUSDT,15m,1779075000000,1779075899999,7.359000,7.359000,7.264000,7.303000,78215.0,571597.3692000,8907
binance,usdm_futures,RIVERUSDT,15m,1779075900000,1779076799999,7.303000,7.310000,7.235000,7.293000,50774.5,369553.2403000,5310
binance,usdm_futures,RIVERUSDT,15m,1779076800000,1779077699999,7.294000,7.352000,7.289000,7.345000,49616.8,362907.8311000,6122
binance,usdm_futures,RIVERUSDT,15m,1779077700000,1779078599999,7.344000,7.381000,7.332000,7.381000,35077.8,258136.4174000,5254
binance,usdm_futures,RIVERUSDT,15m,1779078600000,1779079499999,7.381000,7.417000,7.365000,7.403000,44319.0,327734.0291000,4963
binance,usdm_futures,RIVERUSDT,15m,1779079500000,1779080399999,7.402000,7.408000,7.306000,7.394000,68936.2,507074.6616000,7844
binance,usdm_futures,RIVERUSDT,15m,1779080400000,1779081299999,7.395000,7.412000,7.377000,7.393000,35553.8,262993.6707000,4872
binance,usdm_futures,RIVERUSDT,15m,1779081300000,1779082199999,7.395000,7.415000,7.342000,7.394000,36732.0,270958.5672000,4945
binance,usdm_futures,RIVERUSDT,15m,1779082200000,1779083099999,7.394000,7.486000,7.382000,7.465000,114871.9,854354.8951000,11114
binance,usdm_futures,RIVERUSDT,15m,1779083100000,1779083999999,7.465000,7.506000,7.266000,7.288000,95375.7,705565.2602000,11242
binance,usdm_futures,RIVERUSDT,15m,1779084000000,1779084899999,7.287000,7.394000,7.286000,7.376000,65453.4,480810.7006000,9011
binance,usdm_futures,RIVERUSDT,15m,1779084900000,1779085799999,7.377000,7.427000,7.342000,7.347000,77053.5,569267.2339000,8111
binance,usdm_futures,RIVERUSDT,15m,1779085800000,1779086699999,7.347000,7.486000,7.312000,7.484000,90042.3,667100.5489000,10209
binance,usdm_futures,RIVERUSDT,15m,1779086700000,1779087599999,7.485000,7.559000,7.452000,7.456000,115053.2,863844.2565000,12036
binance,usdm_futures,RIVERUSDT,15m,1779087600000,1779088499999,7.457000,7.537000,7.446000,7.500000,53077.3,398294.8665000,7754
binance,usdm_futures,RIVERUSDT,15m,1779088500000,1779089399999,7.501000,7.544000,7.463000,7.498000,59846.2,448782.5270000,6704
binance,usdm_futures,RIVERUSDT,15m,1779089400000,1779090299999,7.499000,7.524000,7.422000,7.433000,55909.2,417376.7643000,6876
binance,usdm_futures,RIVERUSDT,15m,1779090300000,1779091199999,7.433000,7.525000,7.430000,7.499000,49505.5,370878.3088000,6222
binance,usdm_futures,RIVERUSDT,15m,1779091200000,1779092099999,7.500000,7.533000,7.457000,7.476000,51129.6,383455.8775000,5957
binance,usdm_futures,RIVERUSDT,15m,1779092100000,1779092999999,7.475000,7.518000,7.450000,7.493000,50017.5,373841.2153000,5784
binance,usdm_futures,RIVERUSDT,15m,1779093000000,1779093899999,7.492000,7.521000,7.486000,7.505000,31570.1,236788.6462000,4119
binance,usdm_futures,RIVERUSDT,15m,1779093900000,1779094799999,7.505000,7.619000,7.498000,7.598000,88570.4,670014.3781000,8385
binance,usdm_futures,RIVERUSDT,15m,1779094800000,1779095699999,7.597000,7.643000,7.571000,7.606000,103958.9,790549.1450000,11757
binance,usdm_futures,RIVERUSDT,15m,1779095700000,1779096599999,7.606000,7.650000,7.581000,7.626000,70326.8,535727.0467000,8610
binance,usdm_futures,RIVERUSDT,15m,1779096600000,1779097499999,7.625000,7.640000,7.566000,7.628000,83419.6,634780.7183000,8573
binance,usdm_futures,RIVERUSDT,15m,1779097500000,1779098399999,7.630000,7.664000,7.599000,7.650000,63127.9,481733.9990000,7175
binance,usdm_futures,RIVERUSDT,15m,1779098400000,1779099299999,7.650000,7.684000,7.625000,7.649000,83477.1,638793.8362000,9671
binance,usdm_futures,RIVERUSDT,15m,1779099300000,1779100199999,7.650000,7.699000,7.650000,7.699000,63657.1,488705.3284000,7006
binance,usdm_futures,RIVERUSDT,15m,1779100200000,1779101099999,7.698000,7.753000,7.693000,7.748000,122646.3,946855.0056000,10927
binance,usdm_futures,RIVERUSDT,15m,1779101100000,1779101999999,7.748000,7.805000,7.705000,7.794000,148169.7,1150725.0447000,13400
binance,usdm_futures,RIVERUSDT,15m,1779102000000,1779102899999,7.794000,7.814000,7.642000,7.779000,234374.8,1810689.1394000,21298
binance,usdm_futures,RIVERUSDT,15m,1779102900000,1779103799999,7.779000,7.793000,7.664000,7.746000,129917.2,1003296.5376000,13984
binance,usdm_futures,RIVERUSDT,15m,1779103800000,1779104699999,7.746000,7.913000,7.713000,7.893000,215128.2,1685641.1293000,19768
binance,usdm_futures,RIVERUSDT,15m,1779104700000,1779105599999,7.893000,7.908000,7.812000,7.869000,169945.9,1335643.3854000,14705
binance,usdm_futures,RIVERUSDT,15m,1779105600000,1779106499999,7.870000,7.957000,7.811000,7.914000,191522.2,1511896.7534000,17403
binance,usdm_futures,RIVERUSDT,15m,1779106500000,1779107399999,7.914000,7.980000,7.885000,7.915000,157269.1,1247020.2157000,15215
binance,usdm_futures,RIVERUSDT,15m,1779107400000,1779108299999,7.915000,8.019000,7.846000,7.992000,227770.7,1812361.0425000,18767
binance,usdm_futures,RIVERUSDT,15m,1779108300000,1779109199999,7.992000,8.020000,7.847000,7.887000,225610.2,1790867.5908000,19974
binance,usdm_futures,RIVERUSDT,15m,1779109200000,1779110099999,7.886000,8.001000,7.884000,7.984000,190561.2,1516874.3331000,16281
binance,usdm_futures,RIVERUSDT,15m,1779110100000,1779110999999,7.984000,8.009000,7.894000,8.008000,160116.1,1275346.9533000,14141
binance,usdm_futures,RIVERUSDT,15m,1779111000000,1779111899999,8.008000,8.047000,7.737000,7.879000,552781.3,4368238.5154000,42103
binance,usdm_futures,RIVERUSDT,15m,1779111900000,1779112799999,7.881000,7.960000,7.692000,7.765000,324593.0,2547050.1767000,26458
binance,usdm_futures,RIVERUSDT,15m,1779112800000,1779113699999,7.766000,7.822000,7.630000,7.701000,352148.0,2714195.2222000,34439
binance,usdm_futures,RIVERUSDT,15m,1779113700000,1779114599999,7.701000,7.722000,7.604000,7.688000,171568.4,1315562.0010000,17963
binance,usdm_futures,RIVERUSDT,15m,1779114600000,1779115499999,7.688000,7.697000,7.612000,7.641000,134110.8,1026268.3342000,14592
binance,usdm_futures,RIVERUSDT,15m,1779115500000,1779116399999,7.642000,7.684000,7.575000,7.679000,130325.8,994137.5034000,13910
binance,usdm_futures,RIVERUSDT,15m,1779116400000,1779117299999,7.679000,7.698000,7.583000,7.617000,102840.9,785171.2665000,12364
binance,usdm_futures,RIVERUSDT,15m,1779117300000,1779118199999,7.617000,7.640000,7.528000,7.621000,164944.6,1250557.7991000,14711
binance,usdm_futures,RIVERUSDT,15m,1779118200000,1779119099999,7.620000,7.655000,7.535000,7.568000,96823.4,735851.0605000,11384
binance,usdm_futures,RIVERUSDT,15m,1779119100000,1779119999999,7.567000,7.606000,7.533000,7.545000,73611.5,556904.3938000,7840
binance,usdm_futures,RIVERUSDT,15m,1779120000000,1779120899999,7.544000,7.565000,7.481000,7.535000,115911.6,872461.4249000,12339
binance,usdm_futures,RIVERUSDT,15m,1779120900000,1779121799999,7.534000,7.592000,7.494000,7.538000,82208.2,620364.6347000,9615
binance,usdm_futures,RIVERUSDT,15m,1779121800000,1779122699999,7.537000,7.584000,7.505000,7.518000,56167.5,424103.5846000,7227
binance,usdm_futures,RIVERUSDT,15m,1779122700000,1779123599999,7.517000,7.623000,7.506000,7.612000,65944.1,498618.1907000,7964
binance,usdm_futures,RIVERUSDT,15m,1779123600000,1779124499999,7.613000,7.677000,7.605000,7.640000,114129.7,872506.9020000,12162
binance,usdm_futures,RIVERUSDT,15m,1779124500000,1779125399999,7.640000,7.688000,7.605000,7.638000,64986.9,496765.4580000,8269
binance,usdm_futures,RIVERUSDT,15m,1779125400000,1779126299999,7.636000,7.708000,7.632000,7.643000,61285.6,469869.6224000,7399
binance,usdm_futures,RIVERUSDT,15m,1779126300000,1779127199999,7.642000,7.698000,7.576000,7.594000,87416.4,667743.5205000,9063
binance,usdm_futures,RIVERUSDT,15m,1779127200000,1779128099999,7.593000,7.602000,7.508000,7.528000,82886.3,625333.8692000,10176
binance,usdm_futures,RIVERUSDT,15m,1779128100000,1779128999999,7.528000,7.578000,7.503000,7.569000,61743.1,465320.5418000,7871
binance,usdm_futures,RIVERUSDT,15m,1779129000000,1779129899999,7.567000,7.586000,7.537000,7.582000,37125.7,280792.1588000,5084
binance,usdm_futures,RIVERUSDT,15m,1779129900000,1779130799999,7.583000,7.598000,7.484000,7.522000,61163.9,460447.7084000,6606
binance,usdm_futures,RIVERUSDT,15m,1779130800000,1779131699999,7.522000,7.593000,7.441000,7.511000,124003.0,932479.3606000,12124
binance,usdm_futures,RIVERUSDT,15m,1779131700000,1779132599999,7.510000,7.531000,7.427000,7.462000,75991.5,567881.9248000,7456
binance,usdm_futures,RIVERUSDT,15m,1779132600000,1779133499999,7.461000,7.517000,7.431000,7.493000,66310.7,495162.5485000,6819
binance,usdm_futures,RIVERUSDT,15m,1779133500000,1779134399999,7.493000,7.526000,7.474000,7.518000,47378.8,355564.1574000,5220
binance,usdm_futures,RIVERUSDT,15m,1779134400000,1779135299999,7.518000,7.555000,7.475000,7.506000,34886.1,261897.6247000,5266
binance,usdm_futures,RIVERUSDT,15m,1779135300000,1779136199999,7.505000,7.508000,7.451000,7.469000,33525.7,250481.9697000,3865
binance,usdm_futures,RIVERUSDT,15m,1779136200000,1779137099999,7.468000,7.477000,7.418000,7.426000,35901.2,267244.8037000,4899
binance,usdm_futures,RIVERUSDT,15m,1779137100000,1779137999999,7.426000,7.472000,7.405000,7.446000,45210.3,335851.9090000,5322
binance,usdm_futures,RIVERUSDT,15m,1779138000000,1779138899999,7.445000,7.456000,7.421000,7.445000,37740.0,280781.4280000,4440
binance,usdm_futures,RIVERUSDT,15m,1779138900000,1779139799999,7.447000,7.461000,7.411000,7.437000,29313.6,218003.1981000,3348
binance,usdm_futures,RIVERUSDT,15m,1779139800000,1779140699999,7.435000,7.488000,7.433000,7.481000,40300.2,301035.4280000,4176
binance,usdm_futures,RIVERUSDT,15m,1779140700000,1779141599999,7.482000,7.505000,7.480000,7.497000,28482.7,213460.9738000,3357
binance,usdm_futures,RIVERUSDT,15m,1779141600000,1779142499999,7.498000,7.515000,7.461000,7.503000,25719.6,192539.4431000,3540
binance,usdm_futures,RIVERUSDT,15m,1779142500000,1779143399999,7.503000,7.525000,7.493000,7.513000,26453.6,198753.3177000,3448
binance,usdm_futures,RIVERUSDT,15m,1779143400000,1779144299999,7.514000,7.538000,7.457000,7.462000,38532.9,289239.5337000,4254
binance,usdm_futures,RIVERUSDT,15m,1779144300000,1779145199999,7.462000,7.478000,7.422000,7.451000,38870.4,289457.0334000,4396
binance,usdm_futures,RIVERUSDT,15m,1779145200000,1779146099999,7.450000,7.509000,7.433000,7.481000,31310.8,233852.8985000,3981
binance,usdm_futures,RIVERUSDT,15m,1779146100000,1779146999999,7.481000,7.521000,7.480000,7.510000,22860.3,171496.0735000,3024
binance,usdm_futures,RIVERUSDT,15m,1779147000000,1779147899999,7.509000,7.530000,7.350000,7.396000,118285.3,879022.0351000,8664
binance,usdm_futures,RIVERUSDT,15m,1779147900000,1779148799999,7.396000,7.427000,7.358000,7.368000,89529.3,661537.6980000,10011
binance,usdm_futures,RIVERUSDT,15m,1779148800000,1779149699999,7.369000,7.392000,7.336000,7.355000,83005.5,611345.2756000,8899
binance,usdm_futures,RIVERUSDT,15m,1779149700000,1779150599999,7.355000,7.429000,7.324000,7.425000,81329.9,599383.7855000,8328
binance,usdm_futures,RIVERUSDT,15m,1779150600000,1779151499999,7.424000,7.458000,7.398000,7.398000,60271.3,447986.1128000,6157
binance,usdm_futures,RIVERUSDT,15m,1779151500000,1779152399999,7.399000,7.413000,7.364000,7.377000,30666.5,226647.1153000,4137
binance,usdm_futures,RIVERUSDT,15m,1779152400000,1779153299999,7.377000,7.388000,7.310000,7.342000,73405.1,539266.9167000,6765
binance,usdm_futures,RIVERUSDT,15m,1779153300000,1779154199999,7.341000,7.346000,7.274000,7.304000,88555.3,646673.3144000,8280
binance,usdm_futures,RIVERUSDT,15m,1779154200000,1779155099999,7.304000,7.315000,7.281000,7.314000,60896.1,444403.6610000,5729
binance,usdm_futures,RIVERUSDT,15m,1779155100000,1779155999999,7.314000,7.319000,7.265000,7.282000,60603.1,441668.6288000,5165
binance,usdm_futures,RIVERUSDT,15m,1779156000000,1779156899999,7.283000,7.286000,7.146000,7.215000,260254.1,1875792.9750000,15158
binance,usdm_futures,RIVERUSDT,15m,1779156900000,1779157799999,7.216000,7.274000,7.177000,7.226000,86374.9,624017.7644000,7394
binance,usdm_futures,RIVERUSDT,15m,1779157800000,1779158699999,7.227000,7.322000,7.209000,7.317000,95654.5,694060.0128000,8406
binance,usdm_futures,RIVERUSDT,15m,1779158700000,1779159599999,7.317000,7.325000,7.224000,7.227000,53087.3,385371.6854000,5701
binance,usdm_futures,RIVERUSDT,15m,1779159600000,1779160499999,7.226000,7.253000,7.182000,7.245000,55502.6,400477.2534000,5936
binance,usdm_futures,RIVERUSDT,15m,1779160500000,1779161399999,7.246000,7.246000,7.201000,7.213000,36334.2,262386.4266000,3975
binance,usdm_futures,RIVERUSDT,15m,1779161400000,1779162299999,7.214000,7.242000,7.169000,7.222000,52723.9,379984.7118000,4660
binance,usdm_futures,RIVERUSDT,15m,1779162300000,1779163199999,7.221000,7.227000,7.187000,7.201000,22362.7,161098.0420000,3050
binance,usdm_futures,RIVERUSDT,15m,1779163200000,1779164099999,7.201000,7.249000,7.181000,7.231000,40430.8,291996.8199000,4983
binance,usdm_futures,RIVERUSDT,15m,1779164100000,1779164999999,7.232000,7.290000,7.226000,7.263000,49832.4,361965.8262000,6202
binance,usdm_futures,RIVERUSDT,15m,1779165000000,1779165899999,7.263000,7.324000,7.261000,7.309000,38266.6,279178.2749000,4284
binance,usdm_futures,RIVERUSDT,15m,1779165900000,1779166799999,7.309000,7.337000,7.278000,7.312000,53459.5,390717.9914000,5028
binance,usdm_futures,RIVERUSDT,15m,1779166800000,1779167699999,7.311000,7.324000,7.256000,7.262000,43188.4,314790.2161000,4378
binance,usdm_futures,RIVERUSDT,15m,1779167700000,1779168599999,7.262000,7.296000,7.224000,7.294000,39195.1,284445.4613000,4474
binance,usdm_futures,RIVERUSDT,15m,1779168600000,1779169499999,7.295000,7.346000,7.281000,7.304000,49875.0,365104.8616000,4963
binance,usdm_futures,RIVERUSDT,15m,1779169500000,1779170399999,7.305000,7.316000,7.269000,7.309000,29202.8,212992.5962000,3336
binance,usdm_futures,RIVERUSDT,15m,1779170400000,1779171299999,7.310000,7.358000,7.295000,7.342000,49286.3,361082.5753000,4483
binance,usdm_futures,RIVERUSDT,15m,1779171300000,1779172199999,7.342000,7.353000,7.282000,7.291000,47804.2,350072.2648000,3742
binance,usdm_futures,RIVERUSDT,15m,1779172200000,1779173099999,7.291000,7.315000,7.257000,7.299000,44513.0,324553.3668000,4323
binance,usdm_futures,RIVERUSDT,15m,1779173100000,1779173999999,7.298000,7.305000,7.225000,7.246000,53831.5,391093.6941000,4649
binance,usdm_futures,RIVERUSDT,15m,1779174000000,1779174899999,7.246000,7.256000,7.216000,7.243000,35620.9,257827.4567000,4325
binance,usdm_futures,RIVERUSDT,15m,1779174900000,1779175799999,7.242000,7.250000,7.210000,7.233000,37252.3,269454.6519000,3466
binance,usdm_futures,RIVERUSDT,15m,1779175800000,1779176699999,7.234000,7.272000,7.219000,7.229000,43902.8,317903.5119000,4133
binance,usdm_futures,RIVERUSDT,15m,1779176700000,1779177599999,7.229000,7.230000,7.177000,7.185000,63903.6,459730.2682000,5414
binance,usdm_futures,RIVERUSDT,15m,1779177600000,1779178499999,7.185000,7.214000,7.162000,7.212000,59778.8,429961.4844000,5646
binance,usdm_futures,RIVERUSDT,15m,1779178500000,1779179399999,7.213000,7.223000,7.167000,7.172000,65046.0,468385.8541000,4553
binance,usdm_futures,RIVERUSDT,15m,1779179400000,1779180299999,7.173000,7.224000,7.164000,7.182000,37628.5,270740.9070000,3962
binance,usdm_futures,RIVERUSDT,15m,1779180300000,1779181199999,7.181000,7.206000,7.102000,7.120000,100330.7,716893.8108000,7412
binance,usdm_futures,RIVERUSDT,15m,1779181200000,1779182099999,7.120000,7.158000,7.049000,7.151000,139928.7,993495.4873000,9655
binance,usdm_futures,RIVERUSDT,15m,1779182100000,1779182999999,7.151000,7.154000,7.067000,7.084000,68622.5,488096.8930000,6333
binance,usdm_futures,RIVERUSDT,15m,1779183000000,1779183899999,7.086000,7.114000,7.050000,7.102000,64296.8,455117.4430000,6714
binance,usdm_futures,RIVERUSDT,15m,1779183900000,1779184799999,7.102000,7.125000,7.083000,7.116000,51578.8,366443.0759000,5162
binance,usdm_futures,RIVERUSDT,15m,1779184800000,1779185699999,7.115000,7.126000,7.029000,7.060000,91534.4,647083.7717000,8313
binance,usdm_futures,RIVERUSDT,15m,1779185700000,1779186599999,7.061000,7.074000,7.004000,7.028000,84999.7,597795.8852000,7151
binance,usdm_futures,RIVERUSDT,15m,1779186600000,1779187499999,7.028000,7.061000,7.013000,7.021000,50225.8,353471.5453000,5079
binance,usdm_futures,RIVERUSDT,15m,1779187500000,1779188399999,7.021000,7.036000,6.907000,6.989000,195967.0,1365360.0075000,12997
binance,usdm_futures,RIVERUSDT,15m,1779188400000,1779189299999,6.990000,7.029000,6.954000,6.957000,67368.4,471417.0336000,6642
binance,usdm_futures,RIVERUSDT,15m,1779189300000,1779190199999,6.957000,6.970000,6.917000,6.940000,79426.2,551791.2454000,8391
binance,usdm_futures,RIVERUSDT,15m,1779190200000,1779191099999,6.941000,6.950000,6.677000,6.706000,618987.3,4217731.9775000,37363
binance,usdm_futures,RIVERUSDT,15m,1779191100000,1779191999999,6.706000,6.769000,6.629000,6.742000,328291.8,2195577.1865000,26091
binance,usdm_futures,RIVERUSDT,15m,1779192000000,1779192899999,6.742000,6.794000,6.705000,6.777000,154617.8,1043713.2295000,14116
binance,usdm_futures,RIVERUSDT,15m,1779192900000,1779193799999,6.776000,6.809000,6.643000,6.655000,163983.2,1100046.2695000,13761
binance,usdm_futures,RIVERUSDT,15m,1779193800000,1779194699999,6.655000,6.697000,6.522000,6.587000,301836.3,1995655.6951000,19671
binance,usdm_futures,RIVERUSDT,15m,1779194700000,1779195599999,6.587000,6.667000,6.552000,6.663000,173224.1,1141218.6989000,15294
binance,usdm_futures,RIVERUSDT,15m,1779195600000,1779196499999,6.663000,6.664000,6.563000,6.573000,108153.8,715361.6865000,11300
binance,usdm_futures,RIVERUSDT,15m,1779196500000,1779197399999,6.573000,6.604000,6.395000,6.422000,380816.9,2465315.2727000,24822
binance,usdm_futures,RIVERUSDT,15m,1779197400000,1779198299999,6.422000,6.471000,6.364000,6.429000,250682.8,1608801.4214000,20008
binance,usdm_futures,RIVERUSDT,15m,1779198300000,1779199199999,6.429000,6.535000,6.415000,6.494000,162139.4,1051967.3408000,14394
binance,usdm_futures,RIVERUSDT,15m,1779199200000,1779200099999,6.495000,6.496000,6.311000,6.336000,260158.3,1660924.1210000,21615
binance,usdm_futures,RIVERUSDT,15m,1779200100000,1779200999999,6.337000,6.415000,6.330000,6.384000,131919.6,841345.0808000,13550
binance,usdm_futures,RIVERUSDT,15m,1779201000000,1779201899999,6.384000,6.395000,6.301000,6.337000,151215.5,959376.9877000,13132
binance,usdm_futures,RIVERUSDT,15m,1779201900000,1779202799999,6.337000,6.343000,6.247000,6.255000,236735.3,1488551.1659000,18835
binance,usdm_futures,RIVERUSDT,15m,1779202800000,1779203699999,6.253000,6.294000,6.211000,6.244000,192378.4,1201179.8073000,16770
binance,usdm_futures,RIVERUSDT,15m,1779203700000,1779204599999,6.245000,6.266000,6.110000,6.146000,289912.0,1791952.2648000,19696
binance,usdm_futures,RIVERUSDT,15m,1779204600000,1779205499999,6.145000,6.196000,6.125000,6.135000,160265.0,986654.8753000,12967
binance,usdm_futures,RIVERUSDT,15m,1779205500000,1779206399999,6.136000,6.223000,6.091000,6.174000,231741.0,1425257.5911000,18714
binance,usdm_futures,RIVERUSDT,15m,1779206400000,1779207299999,6.175000,6.180000,6.114000,6.125000,139417.1,857214.1402000,13499
binance,usdm_futures,RIVERUSDT,15m,1779207300000,1779208199999,6.124000,6.194000,6.074000,6.188000,224135.9,1371971.6098000,17288
binance,usdm_futures,RIVERUSDT,15m,1779208200000,1779209099999,6.187000,6.274000,6.186000,6.257000,246720.8,1537175.3773000,19878
binance,usdm_futures,RIVERUSDT,15m,1779209100000,1779209999999,6.257000,6.298000,6.230000,6.292000,150786.4,945206.0163000,13949
binance,usdm_futures,RIVERUSDT,15m,1779210000000,1779210899999,6.294000,6.314000,6.160000,6.218000,189147.4,1175881.0968000,15354
binance,usdm_futures,RIVERUSDT,15m,1779210900000,1779211799999,6.218000,6.290000,6.218000,6.267000,101282.2,633694.1823000,9668
binance,usdm_futures,RIVERUSDT,15m,1779211800000,1779212699999,6.266000,6.329000,6.250000,6.304000,87848.0,551751.2399000,8508
binance,usdm_futures,RIVERUSDT,15m,1779212700000,1779213599999,6.303000,6.313000,6.260000,6.292000,65859.0,414250.5766000,6989
binance,usdm_futures,RIVERUSDT,15m,1779213600000,1779214499999,6.292000,6.326000,6.256000,6.270000,121764.1,766627.0852000,10193
binance,usdm_futures,RIVERUSDT,15m,1779214500000,1779215399999,6.270000,6.322000,6.262000,6.277000,62492.5,392998.0735000,5848
binance,usdm_futures,RIVERUSDT,15m,1779215400000,1779216299999,6.277000,6.314000,6.265000,6.306000,52929.9,333133.7597000,5314
binance,usdm_futures,RIVERUSDT,15m,1779216300000,1779217199999,6.306000,6.312000,6.207000,6.244000,92786.6,581353.0728000,7569
binance,usdm_futures,RIVERUSDT,15m,1779217200000,1779218099999,6.243000,6.321000,6.224000,6.313000,66382.3,417234.0461000,6452
binance,usdm_futures,RIVERUSDT,15m,1779218100000,1779218999999,6.313000,6.319000,6.277000,6.292000,52964.6,333512.1225000,4718
binance,usdm_futures,RIVERUSDT,15m,1779219000000,1779219899999,6.292000,6.315000,6.272000,6.291000,50361.5,317083.3041000,5100
binance,usdm_futures,RIVERUSDT,15m,1779219900000,1779220799999,6.290000,6.290000,6.231000,6.237000,67300.8,421242.2194000,6077
binance,usdm_futures,RIVERUSDT,15m,1779220800000,1779221699999,6.236000,6.310000,6.225000,6.301000,47237.5,295902.3030000,5935
binance,usdm_futures,RIVERUSDT,15m,1779221700000,1779222599999,6.300000,6.325000,6.289000,6.299000,81894.1,516533.7321000,5522
binance,usdm_futures,RIVERUSDT,15m,1779222600000,1779223499999,6.299000,6.327000,6.272000,6.295000,51990.7,327409.5461000,4925
binance,usdm_futures,RIVERUSDT,15m,1779223500000,1779224399999,6.295000,6.307000,6.281000,6.293000,23807.0,149823.1198000,2597
binance,usdm_futures,RIVERUSDT,15m,1779224400000,1779225299999,6.292000,6.309000,6.286000,6.293000,26110.8,164436.7921000,3022
binance,usdm_futures,RIVERUSDT,15m,1779225300000,1779226199999,6.294000,6.311000,6.283000,6.297000,17099.5,107698.9956000,2283
binance,usdm_futures,RIVERUSDT,15m,1779226200000,1779227099999,6.298000,6.306000,6.278000,6.280000,27373.7,172247.2997000,2373
binance,usdm_futures,RIVERUSDT,15m,1779227100000,1779227999999,6.281000,6.308000,6.273000,6.281000,27636.1,173827.0037000,3046
binance,usdm_futures,RIVERUSDT,15m,1779228000000,1779228899999,6.281000,6.302000,6.246000,6.288000,43802.2,274949.7529000,4644
binance,usdm_futures,RIVERUSDT,15m,1779228900000,1779229799999,6.288000,6.308000,6.251000,6.272000,59190.6,371643.6054000,5240
binance,usdm_futures,RIVERUSDT,15m,1779229800000,1779230699999,6.271000,6.295000,6.266000,6.286000,33689.8,211706.0547000,3338
binance,usdm_futures,RIVERUSDT,15m,1779230700000,1779231599999,6.287000,6.302000,6.277000,6.283000,25616.7,161126.8910000,3312
binance,usdm_futures,RIVERUSDT,15m,1779231600000,1779232499999,6.282000,6.323000,6.274000,6.304000,39434.0,248691.4373000,3809
binance,usdm_futures,RIVERUSDT,15m,1779232500000,1779233399999,6.304000,6.349000,6.300000,6.329000,57516.4,364074.4326000,5676
binance,usdm_futures,RIVERUSDT,15m,1779233400000,1779234299999,6.329000,6.337000,6.264000,6.271000,49889.9,314094.3887000,4767
binance,usdm_futures,RIVERUSDT,15m,1779234300000,1779235199999,6.272000,6.294000,6.260000,6.282000,35272.6,221278.6391000,4477
binance,usdm_futures,RIVERUSDT,15m,1779235200000,1779236099999,6.282000,6.304000,6.169000,6.205000,129410.7,806024.7686000,9695
binance,usdm_futures,RIVERUSDT,15m,1779236100000,1779236999999,6.204000,6.231000,6.173000,6.216000,79565.9,493699.1782000,5885
binance,usdm_futures,RIVERUSDT,15m,1779237000000,1779237899999,6.215000,6.220000,6.187000,6.208000,48423.7,300499.5655000,3824
binance,usdm_futures,RIVERUSDT,15m,1779237900000,1779238799999,6.207000,6.210000,6.143000,6.160000,70408.6,434229.2265000,5740
binance,usdm_futures,RIVERUSDT,15m,1779238800000,1779239699999,6.161000,6.189000,6.105000,6.181000,113987.7,698633.9386000,9763
binance,usdm_futures,RIVERUSDT,15m,1779239700000,1779240599999,6.182000,6.184000,6.081000,6.109000,66880.9,410329.8894000,5366
binance,usdm_futures,RIVERUSDT,15m,1779240600000,1779241499999,6.109000,6.381000,6.085000,6.324000,420537.2,2634085.5920000,25967
binance,usdm_futures,RIVERUSDT,15m,1779241500000,1779242399999,6.323000,6.358000,6.258000,6.293000,199325.3,1256541.9174000,15535
binance,usdm_futures,RIVERUSDT,15m,1779242400000,1779243299999,6.292000,6.352000,6.283000,6.327000,73029.6,461131.1053000,9164
binance,usdm_futures,RIVERUSDT,15m,1779243300000,1779244199999,6.328000,6.336000,6.274000,6.282000,47596.3,299702.5355000,5811
binance,usdm_futures,RIVERUSDT,15m,1779244200000,1779245099999,6.283000,6.341000,6.185000,6.218000,319035.5,2001260.6460000,19590
binance,usdm_futures,RIVERUSDT,15m,1779245100000,1779245999999,6.217000,6.305000,6.207000,6.219000,176169.1,1104379.1837000,9411
binance,usdm_futures,RIVERUSDT,15m,1779246000000,1779246899999,6.218000,6.319000,6.188000,6.300000,150209.8,941099.5675000,11129
binance,usdm_futures,RIVERUSDT,15m,1779246900000,1779247799999,6.300000,6.347000,6.283000,6.329000,81330.3,513502.5349000,8283
binance,usdm_futures,RIVERUSDT,15m,1779247800000,1779248699999,6.329000,6.367000,6.315000,6.330000,61605.1,390870.2249000,6648
binance,usdm_futures,RIVERUSDT,15m,1779248700000,1779249599999,6.330000,6.344000,6.301000,6.321000,32355.2,204541.0622000,4717
binance,usdm_futures,RIVERUSDT,15m,1779249600000,1779250499999,6.322000,6.360000,6.287000,6.307000,49485.6,313204.8043000,6088
binance,usdm_futures,RIVERUSDT,15m,1779250500000,1779251399999,6.307000,6.332000,6.276000,6.293000,26833.8,169158.2317000,4356
binance,usdm_futures,RIVERUSDT,15m,1779251400000,1779252299999,6.294000,6.370000,6.257000,6.291000,293565.1,1860642.9646000,13725
binance,usdm_futures,RIVERUSDT,15m,1779252300000,1779253199999,6.291000,6.327000,6.288000,6.316000,26623.5,167939.9247000,3326
binance,usdm_futures,RIVERUSDT,15m,1779253200000,1779254099999,6.315000,6.327000,6.275000,6.309000,38341.3,241674.3985000,5790
binance,usdm_futures,RIVERUSDT,15m,1779254100000,1779254999999,6.308000,6.325000,6.279000,6.298000,26801.7,168950.4262000,3354
binance,usdm_futures,RIVERUSDT,15m,1779255000000,1779255899999,6.298000,6.341000,6.290000,6.303000,38438.4,242775.6456000,5188
binance,usdm_futures,RIVERUSDT,15m,1779255900000,1779256799999,6.303000,6.355000,6.271000,6.343000,125515.8,793839.6617000,8430
binance,usdm_futures,RIVERUSDT,15m,1779256800000,1779257699999,6.343000,6.366000,6.307000,6.341000,133831.9,848522.6408000,6585
binance,usdm_futures,RIVERUSDT,15m,1779257700000,1779258599999,6.340000,6.350000,6.310000,6.327000,71231.7,450992.8954000,4928
binance,usdm_futures,RIVERUSDT,15m,1779258600000,1779259499999,6.327000,6.333000,6.305000,6.324000,23187.0,146535.2411000,2765
binance,usdm_futures,RIVERUSDT,15m,1779259500000,1779260399999,6.323000,6.324000,6.280000,6.293000,35976.2,226528.0401000,3956
binance,usdm_futures,RIVERUSDT,15m,1779260400000,1779261299999,6.293000,6.293000,6.242000,6.262000,60921.0,381431.7423000,6648
binance,usdm_futures,RIVERUSDT,15m,1779261300000,1779262199999,6.263000,6.278000,6.232000,6.236000,35106.6,219523.4681000,4327
binance,usdm_futures,RIVERUSDT,15m,1779262200000,1779263099999,6.236000,6.259000,6.224000,6.248000,45595.9,284582.1731000,4564
binance,usdm_futures,RIVERUSDT,15m,1779263100000,1779263999999,6.247000,6.259000,6.180000,6.212000,59972.4,372790.8029000,6052
binance,usdm_futures,RIVERUSDT,15m,1779264000000,1779264899999,6.210000,6.219000,6.145000,6.199000,88047.8,544484.6207000,8047
binance,usdm_futures,RIVERUSDT,15m,1779264900000,1779265799999,6.198000,6.201000,6.144000,6.160000,59102.2,364463.8020000,5597
binance,usdm_futures,RIVERUSDT,15m,1779265800000,1779266699999,6.159000,6.317000,6.132000,6.254000,275100.5,1718769.0877000,16224
binance,usdm_futures,RIVERUSDT,15m,1779266700000,1779267599999,6.255000,6.265000,6.215000,6.220000,49594.8,309535.8778000,5604
binance,usdm_futures,RIVERUSDT,15m,1779267600000,1779268499999,6.220000,6.241000,6.191000,6.234000,47738.9,296839.2695000,5468
binance,usdm_futures,RIVERUSDT,15m,1779268500000,1779269399999,6.235000,6.262000,6.222000,6.253000,43017.7,268584.7767000,4735
binance,usdm_futures,RIVERUSDT,15m,1779269400000,1779270299999,6.253000,6.277000,6.205000,6.211000,45597.5,284786.2541000,4747
binance,usdm_futures,RIVERUSDT,15m,1779270300000,1779271199999,6.211000,6.235000,6.189000,6.213000,32856.9,204033.7769000,3493
binance,usdm_futures,RIVERUSDT,15m,1779271200000,1779272099999,6.213000,6.238000,6.204000,6.224000,37679.1,234626.3209000,4097
binance,usdm_futures,RIVERUSDT,15m,1779272100000,1779272999999,6.225000,6.238000,6.208000,6.229000,28738.1,178900.8324000,3474
binance,usdm_futures,RIVERUSDT,15m,1779273000000,1779273899999,6.228000,6.240000,6.172000,6.180000,65026.0,403170.1906000,5792
binance,usdm_futures,RIVERUSDT,15m,1779273900000,1779274799999,6.179000,6.205000,6.154000,6.176000,54588.7,337242.0061000,5128
binance,usdm_futures,RIVERUSDT,15m,1779274800000,1779275699999,6.175000,6.200000,6.172000,6.183000,34306.9,212207.5547000,4241
binance,usdm_futures,RIVERUSDT,15m,1779275700000,1779276599999,6.183000,6.199000,6.162000,6.197000,31000.4,191524.1665000,4357
binance,usdm_futures,RIVERUSDT,15m,1779276600000,1779277499999,6.196000,6.205000,6.120000,6.151000,80954.5,498166.0073000,8015
binance,usdm_futures,RIVERUSDT,15m,1779277500000,1779278399999,6.151000,6.178000,6.121000,6.126000,55590.2,341621.0528000,5139
binance,usdm_futures,RIVERUSDT,15m,1779278400000,1779279299999,6.126000,6.163000,6.121000,6.126000,44624.0,273999.3854000,4828
binance,usdm_futures,RIVERUSDT,15m,1779279300000,1779280199999,6.126000,6.216000,6.055000,6.137000,470240.0,2883107.5618000,23579
binance,usdm_futures,RIVERUSDT,15m,1779280200000,1779281099999,6.138000,6.193000,6.130000,6.185000,81261.4,500972.7414000,5908
binance,usdm_futures,RIVERUSDT,15m,1779281100000,1779281999999,6.186000,6.226000,6.164000,6.169000,94136.4,583619.7384000,7564
binance,usdm_futures,RIVERUSDT,15m,1779282000000,1779282899999,6.170000,6.184000,6.128000,6.148000,54023.4,332521.3196000,4664
binance,usdm_futures,RIVERUSDT,15m,1779282900000,1779283799999,6.148000,6.218000,6.116000,6.204000,161813.1,1000326.2972000,9474
binance,usdm_futures,RIVERUSDT,15m,1779283800000,1779284699999,6.203000,6.227000,6.188000,6.219000,70232.2,435738.2847000,6529
binance,usdm_futures,RIVERUSDT,15m,1779284700000,1779285599999,6.219000,6.239000,6.180000,6.218000,55894.9,347193.6206000,6420
binance,usdm_futures,RIVERUSDT,15m,1779285600000,1779286499999,6.219000,6.248000,6.191000,6.196000,50952.9,316787.7747000,6628
binance,usdm_futures,RIVERUSDT,15m,1779286500000,1779287399999,6.196000,6.234000,6.174000,6.201000,48875.8,302966.2845000,5163
binance,usdm_futures,RIVERUSDT,15m,1779287400000,1779288299999,6.203000,6.242000,6.202000,6.205000,35310.6,219679.6653000,4636
binance,usdm_futures,RIVERUSDT,15m,1779288300000,1779289199999,6.208000,6.218000,6.187000,6.212000,37894.7,234921.1980000,4637
binance,usdm_futures,RIVERUSDT,15m,1779289200000,1779290099999,6.210000,6.211000,6.156000,6.160000,45327.4,280157.8324000,5870
binance,usdm_futures,RIVERUSDT,15m,1779290100000,1779290999999,6.160000,6.230000,6.159000,6.203000,78389.8,486558.3236000,8066
binance,usdm_futures,RIVERUSDT,15m,1779291000000,1779291899999,6.202000,6.213000,6.190000,6.205000,40728.7,252515.1312000,4711
binance,usdm_futures,RIVERUSDT,15m,1779291900000,1779292799999,6.204000,6.218000,6.185000,6.198000,40911.7,253681.3298000,4506
binance,usdm_futures,RIVERUSDT,15m,1779292800000,1779293699999,6.199000,6.225000,6.187000,6.194000,43667.2,270933.2291000,4559
binance,usdm_futures,RIVERUSDT,15m,1779293700000,1779294599999,6.194000,6.217000,6.151000,6.178000,58762.6,363299.4261000,5540
binance,usdm_futures,RIVERUSDT,15m,1779294600000,1779295499999,6.177000,6.195000,6.129000,6.192000,56129.1,346086.4333000,5949
binance,usdm_futures,RIVERUSDT,15m,1779295500000,1779296399999,6.192000,6.194000,6.170000,6.178000,29244.1,180781.5632000,3651
binance,usdm_futures,RIVERUSDT,15m,1779296400000,1779297299999,6.179000,6.206000,6.174000,6.204000,42965.8,266125.2010000,4007
binance,usdm_futures,RIVERUSDT,15m,1779297300000,1779298199999,6.204000,6.211000,6.175000,6.199000,31098.6,192680.5609000,3362
binance,usdm_futures,RIVERUSDT,15m,1779298200000,1779299099999,6.199000,6.208000,6.186000,6.199000,19306.9,119637.5308000,2675
binance,usdm_futures,RIVERUSDT,15m,1779299100000,1779299999999,6.198000,6.206000,6.184000,6.204000,22547.3,139704.8704000,2398
binance,usdm_futures,RIVERUSDT,15m,1779300000000,1779300899999,6.204000,6.237000,6.202000,6.229000,36220.2,225225.0073000,3546
binance,usdm_futures,RIVERUSDT,15m,1779300900000,1779301799999,6.230000,6.280000,6.228000,6.263000,66267.0,414239.9974000,5874
binance,usdm_futures,RIVERUSDT,15m,1779301800000,1779302699999,6.264000,6.296000,6.258000,6.277000,51497.9,323279.3075000,4411
binance,usdm_futures,RIVERUSDT,15m,1779302700000,1779303599999,6.276000,6.278000,6.226000,6.229000,31415.7,196272.7327000,3980
binance,usdm_futures,RIVERUSDT,15m,1779303600000,1779304499999,6.230000,6.231000,6.186000,6.205000,63893.8,396717.7314000,6065
binance,usdm_futures,RIVERUSDT,15m,1779304500000,1779305399999,6.205000,6.228000,6.175000,6.184000,50500.2,313309.1338000,4592
binance,usdm_futures,RIVERUSDT,15m,1779305400000,1779306299999,6.186000,6.204000,6.155000,6.195000,46115.8,284996.2615000,4014
binance,usdm_futures,RIVERUSDT,15m,1779306300000,1779307199999,6.195000,6.205000,6.179000,6.205000,21152.5,130999.7311000,2665
binance,usdm_futures,RIVERUSDT,15m,1779307200000,1779308099999,6.205000,6.206000,6.181000,6.192000,24697.5,152896.8780000,3027
binance,usdm_futures,RIVERUSDT,15m,1779308100000,1779308999999,6.192000,6.205000,6.180000,6.196000,21783.6,134924.7201000,2696
binance,usdm_futures,RIVERUSDT,15m,1779309000000,1779309899999,6.195000,6.203000,6.186000,6.197000,18290.1,113270.4309000,2351
binance,usdm_futures,RIVERUSDT,15m,1779309900000,1779310799999,6.197000,6.206000,6.191000,6.205000,11060.7,68562.7743000,1428
binance,usdm_futures,RIVERUSDT,15m,1779310800000,1779311699999,6.205000,6.245000,6.204000,6.225000,38640.3,240538.3181000,3330
binance,usdm_futures,RIVERUSDT,15m,1779311700000,1779312599999,6.225000,6.234000,6.190000,6.193000,17714.1,110021.5956000,2239
binance,usdm_futures,RIVERUSDT,15m,1779312600000,1779313499999,6.195000,6.212000,6.188000,6.200000,13758.8,85325.9108000,1649
binance,usdm_futures,RIVERUSDT,15m,1779313500000,1779314399999,6.201000,6.211000,6.170000,6.210000,21165.3,131005.6398000,2293
binance,usdm_futures,RIVERUSDT,15m,1779314400000,1779315299999,6.209000,6.216000,6.179000,6.203000,17546.1,108660.6582000,2463
binance,usdm_futures,RIVERUSDT,15m,1779315300000,1779316199999,6.203000,6.208000,6.186000,6.194000,10637.6,65940.1139000,1833
binance,usdm_futures,RIVERUSDT,15m,1779316200000,1779317099999,6.194000,6.202000,6.171000,6.198000,27248.6,168557.4892000,3018
binance,usdm_futures,RIVERUSDT,15m,1779317100000,1779317999999,6.197000,6.235000,6.190000,6.220000,13959.5,86788.5093000,2026
binance,usdm_futures,RIVERUSDT,15m,1779318000000,1779318899999,6.220000,6.234000,6.204000,6.211000,21378.4,132938.9205000,2212
binance,usdm_futures,RIVERUSDT,15m,1779318900000,1779319799999,6.211000,6.212000,6.124000,6.147000,61559.2,378571.4434000,4228
binance,usdm_futures,RIVERUSDT,15m,1779319800000,1779320699999,6.147000,6.160000,6.103000,6.128000,62996.5,386390.6622000,4600
binance,usdm_futures,RIVERUSDT,15m,1779320700000,1779321599999,6.128000,6.171000,6.123000,6.169000,28969.2,177972.4082000,2619
binance,usdm_futures,RIVERUSDT,15m,1779321600000,1779322499999,6.168000,6.219000,6.164000,6.203000,31878.7,197454.4762000,3672
binance,usdm_futures,RIVERUSDT,15m,1779322500000,1779323399999,6.203000,6.223000,6.190000,6.214000,24773.2,153725.1842000,2831
binance,usdm_futures,RIVERUSDT,15m,1779323400000,1779324299999,6.214000,6.237000,6.206000,6.222000,26447.1,164552.6468000,3266
binance,usdm_futures,RIVERUSDT,15m,1779324300000,1779325199999,6.222000,6.252000,6.212000,6.237000,35927.0,224050.3331000,3745
binance,usdm_futures,RIVERUSDT,15m,1779325200000,1779326099999,6.236000,6.267000,6.217000,6.237000,37535.7,234211.4656000,3688
binance,usdm_futures,RIVERUSDT,15m,1779326100000,1779326999999,6.237000,6.255000,6.218000,6.222000,20057.8,125085.5270000,2327
binance,usdm_futures,RIVERUSDT,15m,1779327000000,1779327899999,6.221000,6.234000,6.190000,6.218000,23005.2,142912.8051000,2587
binance,usdm_futures,RIVERUSDT,15m,1779327900000,1779328799999,6.217000,6.233000,6.182000,6.194000,18829.2,116846.3373000,2389
binance,usdm_futures,RIVERUSDT,15m,1779328800000,1779329699999,6.195000,6.206000,6.173000,6.198000,22648.3,140158.7937000,2864
binance,usdm_futures,RIVERUSDT,15m,1779329700000,1779330599999,6.197000,6.212000,6.176000,6.202000,21243.1,131676.2270000,2560
binance,usdm_futures,RIVERUSDT,15m,1779330600000,1779331499999,6.203000,6.246000,6.196000,6.241000,22112.1,137758.2876000,2761
binance,usdm_futures,RIVERUSDT,15m,1779331500000,1779332399999,6.241000,6.241000,6.200000,6.208000,16328.0,101566.3571000,2203
binance,usdm_futures,RIVERUSDT,15m,1779332400000,1779333299999,6.207000,6.228000,6.195000,6.224000,22415.8,139241.1456000,2387
binance,usdm_futures,RIVERUSDT,15m,1779333300000,1779334199999,6.223000,6.251000,6.209000,6.249000,15672.8,97700.4328000,2070
binance,usdm_futures,RIVERUSDT,15m,1779334200000,1779335099999,6.250000,6.259000,6.233000,6.252000,23193.2,144804.9257000,2266
binance,usdm_futures,RIVERUSDT,15m,1779335100000,1779335999999,6.253000,6.258000,6.227000,6.235000,14110.6,88042.2590000,1766
binance,usdm_futures,RIVERUSDT,15m,1779336000000,1779336899999,6.235000,6.240000,6.186000,6.187000,35032.1,217533.4648000,3288
binance,usdm_futures,RIVERUSDT,15m,1779336900000,1779337799999,6.187000,6.214000,6.175000,6.188000,34518.5,213809.4803000,2838
binance,usdm_futures,RIVERUSDT,15m,1779337800000,1779338699999,6.186000,6.285000,6.175000,6.227000,160956.5,1005086.5873000,7685
binance,usdm_futures,RIVERUSDT,15m,1779338700000,1779339599999,6.227000,6.253000,6.224000,6.248000,17785.2,111021.0924000,1797
binance,usdm_futures,RIVERUSDT,15m,1779339600000,1779340499999,6.248000,6.249000,6.217000,6.230000,29178.2,181758.7719000,2135
binance,usdm_futures,RIVERUSDT,15m,1779340500000,1779341399999,6.229000,6.229000,6.180000,6.190000,34621.8,214604.1296000,2906
binance,usdm_futures,RIVERUSDT,15m,1779341400000,1779342299999,6.190000,6.190000,6.146000,6.171000,52680.9,324949.6394000,4329
binance,usdm_futures,RIVERUSDT,15m,1779342300000,1779343199999,6.171000,6.186000,6.149000,6.180000,36785.6,227036.2040000,3009
binance,usdm_futures,RIVERUSDT,15m,1779343200000,1779344099999,6.180000,6.205000,6.178000,6.193000,34564.3,214049.0926000,3187
binance,usdm_futures,RIVERUSDT,15m,1779344100000,1779344999999,6.193000,6.220000,6.182000,6.196000,26403.0,163732.9301000,2516
binance,usdm_futures,RIVERUSDT,15m,1779345000000,1779345899999,6.195000,6.200000,6.182000,6.192000,20239.1,125296.0550000,2139
binance,usdm_futures,RIVERUSDT,15m,1779345900000,1779346799999,6.191000,6.198000,6.181000,6.191000,16716.3,103469.8406000,1868
binance,usdm_futures,RIVERUSDT,15m,1779346800000,1779347699999,6.192000,6.200000,6.143000,6.191000,48486.6,299491.9119000,4213
binance,usdm_futures,RIVERUSDT,15m,1779347700000,1779348599999,6.191000,6.200000,6.180000,6.187000,16113.4,99778.0940000,1564
binance,usdm_futures,RIVERUSDT,15m,1779348600000,1779349499999,6.189000,6.208000,6.182000,6.196000,29928.4,185447.5086000,2438
binance,usdm_futures,RIVERUSDT,15m,1779349500000,1779350399999,6.195000,6.214000,6.184000,6.200000,24683.1,152971.2536000,2018
binance,usdm_futures,RIVERUSDT,15m,1779350400000,1779351299999,6.201000,6.225000,6.189000,6.215000,23222.8,144111.8105000,2436
binance,usdm_futures,RIVERUSDT,15m,1779351300000,1779352199999,6.215000,6.227000,6.182000,6.197000,33972.4,210715.2657000,2629
binance,usdm_futures,RIVERUSDT,15m,1779352200000,1779353099999,6.196000,6.216000,6.172000,6.214000,25624.0,158645.1990000,2272
binance,usdm_futures,RIVERUSDT,15m,1779353100000,1779353999999,6.215000,6.216000,6.190000,6.192000,16642.6,103207.5296000,1785
binance,usdm_futures,RIVERUSDT,15m,1779354000000,1779354899999,6.191000,6.198000,6.183000,6.189000,15067.9,93277.5648000,1586
binance,usdm_futures,RIVERUSDT,15m,1779354900000,1779355799999,6.189000,6.193000,6.175000,6.179000,18742.0,115900.9367000,1893
binance,usdm_futures,RIVERUSDT,15m,1779355800000,1779356699999,6.181000,6.213000,6.180000,6.207000,29370.2,181975.1082000,2296
binance,usdm_futures,RIVERUSDT,15m,1779356700000,1779357599999,6.207000,6.219000,6.166000,6.184000,39921.5,247521.0933000,3754
binance,usdm_futures,RIVERUSDT,15m,1779357600000,1779358499999,6.184000,6.214000,6.175000,6.208000,27663.7,171450.4596000,2333
binance,usdm_futures,RIVERUSDT,15m,1779358500000,1779359399999,6.208000,6.209000,6.166000,6.196000,40191.0,248623.0714000,4038
binance,usdm_futures,RIVERUSDT,15m,1779359400000,1779360299999,6.195000,6.202000,6.152000,6.172000,47799.6,295242.8163000,3683
binance,usdm_futures,RIVERUSDT,15m,1779360300000,1779361199999,6.172000,6.198000,6.152000,6.190000,44004.9,271989.1792000,3266
binance,usdm_futures,RIVERUSDT,15m,1779361200000,1779362099999,6.190000,6.248000,6.175000,6.243000,68056.0,423005.9446000,4438
binance,usdm_futures,RIVERUSDT,15m,1779362100000,1779362999999,6.243000,6.264000,6.226000,6.254000,62046.6,387573.9573000,3934
binance,usdm_futures,RIVERUSDT,15m,1779363000000,1779363899999,6.254000,6.270000,6.222000,6.228000,45406.0,283234.3157000,3527
binance,usdm_futures,RIVERUSDT,15m,1779363900000,1779364799999,6.229000,6.231000,6.206000,6.217000,23991.0,149174.0629000,2203
binance,usdm_futures,RIVERUSDT,15m,1779364800000,1779365699999,6.217000,6.249000,6.196000,6.198000,48141.5,299768.9822000,3308
binance,usdm_futures,RIVERUSDT,15m,1779365700000,1779366599999,6.198000,6.208000,6.183000,6.207000,46434.5,287562.9166000,3049
binance,usdm_futures,RIVERUSDT,15m,1779366600000,1779367499999,6.208000,6.259000,6.202000,6.232000,35270.7,219951.3829000,3278
binance,usdm_futures,RIVERUSDT,15m,1779367500000,1779368399999,6.233000,6.343000,6.221000,6.327000,121295.7,763559.7740000,7715
binance,usdm_futures,RIVERUSDT,15m,1779368400000,1779369299999,6.328000,6.345000,6.280000,6.290000,87572.4,552421.1120000,5489
binance,usdm_futures,RIVERUSDT,15m,1779369300000,1779370199999,6.289000,6.317000,6.281000,6.314000,31780.7,200208.5569000,3044
binance,usdm_futures,RIVERUSDT,15m,1779370200000,1779371099999,6.315000,6.369000,6.264000,6.295000,106509.4,674016.0414000,7823
binance,usdm_futures,RIVERUSDT,15m,1779371100000,1779371999999,6.296000,6.310000,6.271000,6.307000,44323.1,278838.7124000,4160
binance,usdm_futures,RIVERUSDT,15m,1779372000000,1779372899999,6.306000,6.370000,6.272000,6.364000,134582.2,851731.7201000,7285
binance,usdm_futures,RIVERUSDT,15m,1779372900000,1779373799999,6.366000,6.387000,6.320000,6.336000,59155.1,375880.7037000,6475
binance,usdm_futures,RIVERUSDT,15m,1779373800000,1779374699999,6.334000,6.346000,6.291000,6.304000,40847.2,257958.9048000,4488
binance,usdm_futures,RIVERUSDT,15m,1779374700000,1779375599999,6.302000,6.314000,6.282000,6.299000,29501.6,185809.9217000,2842
binance,usdm_futures,RIVERUSDT,15m,1779375600000,1779376499999,6.300000,6.344000,6.289000,6.327000,36303.6,229179.7677000,3923
binance,usdm_futures,RIVERUSDT,15m,1779376500000,1779377399999,6.325000,6.354000,6.311000,6.341000,32389.7,205145.2567000,3458
binance,usdm_futures,RIVERUSDT,15m,1779377400000,1779378299999,6.342000,6.348000,6.298000,6.313000,27723.7,175115.4867000,2921
binance,usdm_futures,RIVERUSDT,15m,1779378300000,1779379199999,6.314000,6.324000,6.283000,6.303000,26247.0,165291.2420000,2570
binance,usdm_futures,RIVERUSDT,15m,1779379200000,1779380099999,6.303000,6.344000,6.280000,6.334000,39432.8,248868.6180000,3818
binance,usdm_futures,RIVERUSDT,15m,1779380100000,1779380999999,6.332000,6.352000,6.309000,6.324000,35327.5,223700.0852000,3314
binance,usdm_futures,RIVERUSDT,15m,1779381000000,1779381899999,6.324000,6.366000,6.309000,6.355000,32453.0,205906.7880000,3251
binance,usdm_futures,RIVERUSDT,15m,1779381900000,1779382799999,6.354000,6.387000,6.334000,6.366000,37398.4,237975.6171000,4481
binance,usdm_futures,RIVERUSDT,15m,1779382800000,1779383699999,6.367000,6.447000,6.367000,6.425000,98063.1,629419.3992000,9511
binance,usdm_futures,RIVERUSDT,15m,1779383700000,1779384599999,6.425000,6.448000,6.404000,6.433000,75852.1,487565.7989000,7149
binance,usdm_futures,RIVERUSDT,15m,1779384600000,1779385499999,6.433000,6.544000,6.425000,6.544000,129420.4,840685.6932000,10303
binance,usdm_futures,RIVERUSDT,15m,1779385500000,1779386399999,6.544000,6.605000,6.522000,6.557000,127841.4,839858.3654000,9725
binance,usdm_futures,RIVERUSDT,15m,1779386400000,1779387299999,6.557000,6.765000,6.556000,6.689000,215874.5,1442508.3189000,18633
binance,usdm_futures,RIVERUSDT,15m,1779387300000,1779388199999,6.692000,6.800000,6.686000,6.779000,193243.4,1304264.2241000,17449
binance,usdm_futures,RIVERUSDT,15m,1779388200000,1779389099999,6.779000,6.783000,6.684000,6.726000,120859.0,813537.1716000,11259
binance,usdm_futures,RIVERUSDT,15m,1779389100000,1779389999999,6.725000,6.765000,6.659000,6.712000,141782.5,951643.8268000,13158
binance,usdm_futures,RIVERUSDT,15m,1779390000000,1779390899999,6.712000,6.865000,6.692000,6.841000,245760.4,1671813.8694000,20945
binance,usdm_futures,RIVERUSDT,15m,1779390900000,1779391799999,6.840000,6.930000,6.810000,6.867000,186912.7,1286640.6852000,16748
binance,usdm_futures,RIVERUSDT,15m,1779391800000,1779392699999,6.868000,6.973000,6.752000,6.780000,318286.8,2182907.5549000,23418
binance,usdm_futures,RIVERUSDT,15m,1779392700000,1779393599999,6.779000,6.877000,6.733000,6.861000,136815.5,931877.9100000,12576
binance,usdm_futures,RIVERUSDT,15m,1779393600000,1779394499999,6.860000,6.984000,6.821000,6.897000,170993.0,1180835.9428000,15517
binance,usdm_futures,RIVERUSDT,15m,1779394500000,1779395399999,6.896000,7.023000,6.895000,7.012000,167979.7,1170678.1620000,14707
binance,usdm_futures,RIVERUSDT,15m,1779395400000,1779396299999,7.012000,7.014000,6.741000,6.792000,257613.7,1768377.6422000,20815
binance,usdm_futures,RIVERUSDT,15m,1779396300000,1779397199999,6.793000,6.852000,6.770000,6.792000,104701.3,713315.5555000,10034
binance,usdm_futures,RIVERUSDT,15m,1779397200000,1779398099999,6.792000,6.924000,6.792000,6.889000,101652.6,697476.7046000,9492
binance,usdm_futures,RIVERUSDT,15m,1779398100000,1779398999999,6.892000,6.943000,6.881000,6.909000,85203.6,589140.5981000,7252
binance,usdm_futures,RIVERUSDT,15m,1779399000000,1779399899999,6.910000,6.961000,6.837000,6.941000,93658.3,646710.8508000,7464
binance,usdm_futures,RIVERUSDT,15m,1779399900000,1779400799999,6.941000,6.957000,6.828000,6.845000,66726.0,459071.2678000,7284
binance,usdm_futures,RIVERUSDT,15m,1779400800000,1779401699999,6.845000,6.868000,6.817000,6.862000,49058.9,335868.9462000,6827
binance,usdm_futures,RIVERUSDT,15m,1779401700000,1779402599999,6.863000,6.886000,6.822000,6.862000,37191.6,254778.9166000,4874
binance,usdm_futures,RIVERUSDT,15m,1779402600000,1779403499999,6.863000,6.887000,6.786000,6.799000,52043.3,355052.4819000,6231
binance,usdm_futures,RIVERUSDT,15m,1779403500000,1779404399999,6.799000,6.824000,6.746000,6.789000,82622.0,560606.8411000,7152
binance,usdm_futures,RIVERUSDT,15m,1779404400000,1779405299999,6.790000,6.820000,6.746000,6.788000,63034.9,428037.0085000,6671
binance,usdm_futures,RIVERUSDT,15m,1779405300000,1779406199999,6.788000,6.840000,6.729000,6.780000,80377.4,544595.4629000,7735
binance,usdm_futures,RIVERUSDT,15m,1779406200000,1779407099999,6.779000,6.821000,6.759000,6.795000,50785.7,344764.5868000,5391
binance,usdm_futures,RIVERUSDT,15m,1779407100000,1779407999999,6.796000,6.817000,6.753000,6.799000,60012.3,406996.5529000,5639
binance,usdm_futures,RIVERUSDT,15m,1779408000000,1779408899999,6.800000,6.858000,6.797000,6.837000,96047.4,656336.5080000,8710
binance,usdm_futures,RIVERUSDT,15m,1779408900000,1779409799999,6.837000,6.894000,6.834000,6.859000,70036.0,481055.0339000,7574
binance,usdm_futures,RIVERUSDT,15m,1779409800000,1779410699999,6.860000,6.871000,6.767000,6.785000,58044.1,395658.2083000,6546
binance,usdm_futures,RIVERUSDT,15m,1779410700000,1779411599999,6.785000,6.832000,6.763000,6.777000,52123.6,354254.6650000,5691
binance,usdm_futures,RIVERUSDT,15m,1779411600000,1779412499999,6.776000,6.876000,6.743000,6.814000,107899.0,735246.2070000,10572
binance,usdm_futures,RIVERUSDT,15m,1779412500000,1779413399999,6.813000,6.822000,6.739000,6.793000,47746.1,323365.0547000,5146
binance,usdm_futures,RIVERUSDT,15m,1779413400000,1779414299999,6.794000,6.808000,6.706000,6.722000,64201.6,434072.0751000,5896
binance,usdm_futures,RIVERUSDT,15m,1779414300000,1779415199999,6.723000,6.769000,6.713000,6.758000,42389.1,285598.9695000,5103
binance,usdm_futures,RIVERUSDT,15m,1779415200000,1779416099999,6.757000,6.777000,6.710000,6.738000,50515.6,340716.5342000,5941
binance,usdm_futures,RIVERUSDT,15m,1779416100000,1779416999999,6.739000,6.770000,6.681000,6.701000,57982.1,389249.7825000,6211
binance,usdm_futures,RIVERUSDT,15m,1779417000000,1779417899999,6.701000,6.737000,6.678000,6.733000,43374.4,290717.8981000,5051
binance,usdm_futures,RIVERUSDT,15m,1779417900000,1779418799999,6.733000,6.747000,6.712000,6.746000,25316.8,170390.3926000,3548
binance,usdm_futures,RIVERUSDT,15m,1779418800000,1779419699999,6.745000,6.771000,6.666000,6.671000,52228.2,351011.6149000,6207
binance,usdm_futures,RIVERUSDT,15m,1779419700000,1779420599999,6.672000,6.787000,6.632000,6.719000,168671.8,1129621.6259000,11974
binance,usdm_futures,RIVERUSDT,15m,1779420600000,1779421499999,6.719000,6.722000,6.680000,6.685000,38457.4,257520.3416000,4230
binance,usdm_futures,RIVERUSDT,15m,1779421500000,1779422399999,6.685000,6.707000,6.662000,6.682000,28865.2,192894.4713000,2981
binance,usdm_futures,RIVERUSDT,15m,1779422400000,1779423299999,6.681000,6.714000,6.670000,6.695000,29393.0,196725.8534000,3165
binance,usdm_futures,RIVERUSDT,15m,1779423300000,1779424199999,6.696000,6.708000,6.672000,6.702000,23029.3,154194.2187000,2569
binance,usdm_futures,RIVERUSDT,15m,1779424200000,1779425099999,6.703000,6.734000,6.685000,6.689000,45094.7,302825.4590000,3912
binance,usdm_futures,RIVERUSDT,15m,1779425100000,1779425999999,6.688000,6.693000,6.664000,6.675000,35744.6,238638.7075000,4011
binance,usdm_futures,RIVERUSDT,15m,1779426000000,1779426899999,6.675000,6.713000,6.658000,6.698000,29362.2,196314.3270000,3785
binance,usdm_futures,RIVERUSDT,15m,1779426900000,1779427799999,6.697000,6.735000,6.687000,6.698000,31823.9,213408.0226000,2999
binance,usdm_futures,RIVERUSDT,15m,1779427800000,1779428699999,6.697000,6.732000,6.680000,6.698000,33676.1,225785.9030000,3337
binance,usdm_futures,RIVERUSDT,15m,1779428700000,1779429599999,6.697000,6.756000,6.693000,6.750000,34262.7,230435.7933000,3398
binance,usdm_futures,RIVERUSDT,15m,1779429600000,1779430499999,6.750000,6.809000,6.705000,6.746000,174785.5,1178483.8931000,10054
binance,usdm_futures,RIVERUSDT,15m,1779430500000,1779431399999,6.745000,6.748000,6.695000,6.716000,42114.2,283021.7676000,3863
binance,usdm_futures,RIVERUSDT,15m,1779431400000,1779432299999,6.714000,6.775000,6.651000,6.748000,118534.9,796619.3066000,8799
binance,usdm_futures,RIVERUSDT,15m,1779432300000,1779433199999,6.747000,6.822000,6.747000,6.786000,127154.9,862814.1092000,9084
binance,usdm_futures,RIVERUSDT,15m,1779433200000,1779434099999,6.785000,6.797000,6.723000,6.771000,125703.6,849714.0773000,8095
binance,usdm_futures,RIVERUSDT,15m,1779434100000,1779434999999,6.770000,6.805000,6.737000,6.761000,88932.9,602162.5393000,5480
binance,usdm_futures,RIVERUSDT,15m,1779435000000,1779435899999,6.762000,6.772000,6.705000,6.724000,40087.9,269779.9661000,3967
binance,usdm_futures,RIVERUSDT,15m,1779435900000,1779436799999,6.725000,6.735000,6.706000,6.728000,16232.4,109133.1277000,2532
binance,usdm_futures,RIVERUSDT,15m,1779436800000,1779437699999,6.728000,6.747000,6.681000,6.699000,42238.3,283518.3927000,5539
binance,usdm_futures,RIVERUSDT,15m,1779437700000,1779438599999,6.698000,6.808000,6.697000,6.783000,110651.1,749777.0408000,8400
binance,usdm_futures,RIVERUSDT,15m,1779438600000,1779439499999,6.782000,6.811000,6.768000,6.798000,52212.8,354762.6274000,5744
binance,usdm_futures,RIVERUSDT,15m,1779439500000,1779440399999,6.798000,6.861000,6.798000,6.853000,83658.3,571627.9963000,7288
binance,usdm_futures,RIVERUSDT,15m,1779440400000,1779441299999,6.852000,6.903000,6.831000,6.887000,62541.7,429539.5455000,7418
binance,usdm_futures,RIVERUSDT,15m,1779441300000,1779442199999,6.886000,6.923000,6.836000,6.899000,87124.9,599586.9542000,8365
binance,usdm_futures,RIVERUSDT,15m,1779442200000,1779443099999,6.900000,6.918000,6.844000,6.856000,63040.5,433985.3613000,6529
